experiment,scenario,value,policy,n_seed,user_num,load_scale,bw_scale,f_scale,tmax_scale,episodes,warmup_ratio,p_c5_viol_mean,p_c5_viol_std,p_c6_viol_mean,p_c6_viol_std,p_c6_exceed_ratio_mean,p_c6_exceed_ratio_std,p_c7_viol_mean,p_c7_viol_std,p_c8_viol_mean,p_c8_viol_std,mean_c5_excess_ratio_mean,mean_c5_excess_ratio_std,mean_overflow_prob_mean,mean_overflow_prob_std,mean_m1_excess_cond_mean,mean_m1_excess_cond_std,mean_m2_excess_cond_mean,mean_m2_excess_cond_std,mean_offload_ratio_mean,mean_offload_ratio_std,total_energy_mean,total_energy_std,avg_energy_per_slot_user_mean,avg_energy_per_slot_user_std,action_0_ratio_mean,action_0_ratio_std,action_1_ratio_mean,action_1_ratio_std,action_2_ratio_mean,action_2_ratio_std,action_3_ratio_mean,action_3_ratio_std,action_4_ratio_mean,action_4_ratio_std,action_5_ratio_mean,action_5_ratio_std,action_6_ratio_mean,action_6_ratio_std,action_7_ratio_mean,action_7_ratio_std
stress_scan,load_scale,0.5,Full,2,15,0.5,1.0,1.0,1.0,120,0.7,0.75,0.0018518518518519378,0.0,0.0,0.0,0.0,0.0,0.0,0.0,0.0,258.85529191049386,11.839964200617317,0.0,0.0,0.0,0.0,0.0,0.0,0.34351851851851856,0.006481481481481449,1063793.7847038046,191668.15049912047,1969.9884901922305,354.94101944281556,0.0,0.0,0.0,0.0,0.0,0.0,0.6564814814814814,0.006481481481481477,0.04814814814814815,0.0,0.07222222222222222,0.0018518518518518476,0.06481481481481481,0.0018518518518518545,0.15833333333333333,0.006481481481481477
stress_scan,load_scale,0.5,IQL,2,15,0.5,1.0,1.0,1.0,120,0.7,0.8250000000000001,0.01388888888888884,0.0,0.0,0.0,0.0,0.0,0.0,0.0,0.0,256.6337153888889,4.015416679012375,0.0,0.0,0.0,0.0,0.0,0.0,0.24074074074074076,0.005555555555555508,744605.917270909,64927.50390704861,1378.8998467979795,120.23611834638632,0.0,0.0,0.0,0.0,0.0,0.0,0.7592592592592593,0.005555555555555591,0.040740740740740744,0.0037037037037037056,0.049074074074074076,0.01574074074074074,0.03888888888888889,0.005555555555555557,0.11203703703703703,0.019444444444444445
stress_scan,load_scale,0.5,No-EVT,2,15,0.5,1.0,1.0,1.0,120,0.7,0.75,0.0018518518518519378,0.0,0.0,0.0,0.0,0.0,0.0,0.0,0.0,258.85529191049386,11.839964200617317,0.0,0.0,0.0,0.0,0.0,0.0,0.34351851851851856,0.006481481481481449,1063793.7847038046,191668.15049912047,1969.9884901922305,354.94101944281556,0.0,0.0,0.0,0.0,0.0,0.0,0.6564814814814814,0.006481481481481477,0.04814814814814815,0.0,0.07222222222222222,0.0018518518518518476,0.06481481481481481,0.0018518518518518545,0.15833333333333333,0.006481481481481477
stress_scan,load_scale,0.5,C6-Only,2,15,0.5,1.0,1.0,1.0,120,0.7,0.75,0.0018518518518519378,0.0,0.0,0.0,0.0,0.0,0.0,0.0,0.0,258.85529191049386,11.839964200617317,0.0,0.0,0.0,0.0,0.0,0.0,0.34351851851851856,0.006481481481481449,1063793.7847038046,191668.15049912047,1969.9884901922305,354.94101944281556,0.0,0.0,0.0,0.0,0.0,0.0,0.6564814814814814,0.006481481481481477,0.04814814814814815,0.0,0.07222222222222222,0.0018518518518518476,0.06481481481481481,0.0018518518518518545,0.15833333333333333,0.006481481481481477
stress_scan,load_scale,0.5,Lyapunov-Greedy,2,15,0.5,1.0,1.0,1.0,120,0.7,1.0,0.0,0.0,0.0,0.0,0.0,0.0,0.0,0.0,0.0,258.6896369691358,0.1460365432098456,0.0,0.0,0.0,0.0,0.0,0.0,0.0,0.0,0.14579999999999996,0.0,0.0002699999999999999,0.0,0.0,0.0,0.0,0.0,0.0,0.0,1.0,0.0,0.0,0.0,0.0,0.0,0.0,0.0,0.0,0.0
stress_scan,load_scale,0.5,Non-MEC,2,15,0.5,1.0,1.0,1.0,120,0.7,1.0,0.0,0.0,0.0,0.0,0.0,0.0,0.0,0.0,0.0,258.6896369691358,0.1460365432098456,0.0,0.0,0.0,0.0,0.0,0.0,0.0,0.0,0.14579999999999996,0.0,0.0002699999999999999,0.0,0.0,0.0,0.0,0.0,0.0,0.0,1.0,0.0,0.0,0.0,0.0,0.0,0.0,0.0,0.0,0.0
stress_scan,load_scale,0.5,Stand-alone MEC,2,15,0.5,1.0,1.0,1.0,120,0.7,0.5,0.0,0.0,0.0,0.0,0.0,0.0,0.0,0.0,0.0,500.0,0.0,0.0,0.0,0.0,0.0,0.0,0.0,1.0,0.0,360052.5330242076,333.196935664746,666.7639500448288,0.617031362342118,0.0,0.0,0.0,0.0,0.0,0.0,0.0,0.0,0.0,0.0,0.0,0.0,0.5,0.0,0.5,0.0
stress_scan,load_scale,0.5,Random,2,15,0.5,1.0,1.0,1.0,120,0.7,0.7537037037037037,0.005555555555555647,0.0,0.0,0.0,0.0,0.0,0.0,0.0,0.0,595.729306933642,69.54166478549388,0.0,0.0,0.0,0.0,0.0,0.0,0.4962962962962963,0.011111111111111127,906248.8702784423,64896.233900359424,1678.238648663782,120.17821092659153,0.1074074074074074,0.003703703703703702,0.12685185185185185,0.017592592592592583,0.13240740740740742,0.025,0.137037037037037,0.007407407407407404,0.12037037037037036,0.0,0.12314814814814815,0.008333333333333331,0.1175925925925926,0.0009259259259259273,0.13518518518518519,0.003703703703703709
stress_scan,load_scale,1.0,Full,2,15,1.0,1.0,1.0,1.0,120,0.7,0.7388888888888889,0.0018518518518518268,0.0,0.0,0.0,0.0,0.0,0.0,0.0,0.0,385.2560740617284,14.795188765432101,0.0,0.0,0.0,0.0,0.0,0.0,0.3379629629629631,0.0009259259259258856,1929848.5301271258,234443.9426152804,3573.793574309492,434.15544928755617,0.0,0.0,0.0,0.0,0.0,0.0,0.662037037037037,0.0009259259259259411,0.061111111111111116,0.007407407407407408,0.06388888888888888,0.006481481481481484,0.06851851851851852,0.0018518518518518545,0.14444444444444443,0.003703703703703695
stress_scan,load_scale,1.0,IQL,2,15,1.0,1.0,1.0,1.0,120,0.7,0.8046296296296296,0.0009259259259259411,0.0,0.0,0.0,0.0,0.0,0.0,0.0,0.0,440.4795595679012,2.547778592592607,0.0,0.0,0.0,0.0,0.0,0.0,0.2462962962962963,2.7755575615628914e-17,1335271.9288533188,23385.28964455519,2472.7257941728126,43.306091934361575,0.0,0.0,0.0,0.0,0.0,0.0,0.7537037037037037,0.0,0.044444444444444446,0.0,0.05648148148148148,0.010185185185185186,0.04444444444444444,0.001851851851851851,0.10092592592592592,0.012037037037037034
stress_scan,load_scale,1.0,No-EVT,2,15,1.0,1.0,1.0,1.0,120,0.7,0.7388888888888889,0.0018518518518518268,0.0,0.0,0.0,0.0,0.0,0.0,0.0,0.0,385.2560740617284,14.795188765432101,0.0,0.0,0.0,0.0,0.0,0.0,0.3379629629629631,0.0009259259259258856,1929848.5301271258,234443.9426152804,3573.793574309492,434.15544928755617,0.0,0.0,0.0,0.0,0.0,0.0,0.662037037037037,0.0009259259259259411,0.061111111111111116,0.007407407407407408,0.06388888888888888,0.006481481481481484,0.06851851851851852,0.0018518518518518545,0.14444444444444443,0.003703703703703695
stress_scan,load_scale,1.0,C6-Only,2,15,1.0,1.0,1.0,1.0,120,0.7,0.7388888888888889,0.0018518518518518268,0.0,0.0,0.0,0.0,0.0,0.0,0.0,0.0,385.2560740617284,14.795188765432101,0.0,0.0,0.0,0.0,0.0,0.0,0.3379629629629631,0.0009259259259258856,1929848.5301271258,234443.9426152804,3573.793574309492,434.15544928755617,0.0,0.0,0.0,0.0,0.0,0.0,0.662037037037037,0.0009259259259259411,0.061111111111111116,0.007407407407407408,0.06388888888888888,0.006481481481481484,0.06851851851851852,0.0018518518518518545,0.14444444444444443,0.003703703703703695
stress_scan,load_scale,1.0,Lyapunov-Greedy,2,15,1.0,1.0,1.0,1.0,120,0.7,1.0,0.0,0.0,0.0,0.0,0.0,0.0,0.0,0.0,0.0,518.3792739382716,0.2920730864196912,0.0,0.0,0.0,0.0,0.0,0.0,0.0,0.0,0.14579999999999996,0.0,0.0002699999999999999,0.0,0.0,0.0,0.0,0.0,0.0,0.0,1.0,0.0,0.0,0.0,0.0,0.0,0.0,0.0,0.0,0.0
stress_scan,load_scale,1.0,Non-MEC,2,15,1.0,1.0,1.0,1.0,120,0.7,1.0,0.0,0.0,0.0,0.0,0.0,0.0,0.0,0.0,0.0,518.3792739382716,0.2920730864196912,0.0,0.0,0.0,0.0,0.0,0.0,0.0,0.0,0.14579999999999996,0.0,0.0002699999999999999,0.0,0.0,0.0,0.0,0.0,0.0,0.0,1.0,0.0,0.0,0.0,0.0,0.0,0.0,0.0,0.0,0.0
stress_scan,load_scale,1.0,Stand-alone MEC,2,15,1.0,1.0,1.0,1.0,120,0.7,0.5,0.0,0.0,0.0,0.0,0.0,0.0,0.0,0.0,0.0,500.0,0.0,0.0,0.0,0.0,0.0,0.0,0.0,1.0,0.0,2714129.610816393,2292.5900976920966,5026.165945956283,4.2455372179483675,0.0,0.0,0.0,0.0,0.0,0.0,0.0,0.0,0.0,0.0,0.0,0.0,0.5,0.0,0.5,0.0
stress_scan,load_scale,1.0,Random,2,15,1.0,1.0,1.0,1.0,120,0.7,0.7324074074074074,0.0064814814814814214,0.0,0.0,0.0,0.0,0.0,0.0,0.0,0.0,920.6660212746913,145.55369994135793,0.0,0.0,0.0,0.0,0.0,0.0,0.4962962962962963,0.011111111111111127,1474893.1933351024,195357.2886673204,2731.2836913613005,361.7727567913339,0.1074074074074074,0.003703703703703702,0.12685185185185185,0.017592592592592583,0.13240740740740742,0.025,0.137037037037037,0.007407407407407404,0.12037037037037036,0.0,0.12314814814814815,0.008333333333333331,0.1175925925925926,0.0009259259259259273,0.13518518518518519,0.003703703703703709
stress_scan,load_scale,1.5,Full,2,15,1.5,1.0,1.0,1.0,120,0.7,0.7407407407407407,0.0018518518518518823,0.0,0.0,0.0,0.0,0.0,0.0,0.0,0.0,545.7948592407406,24.957235000000026,0.0,0.0,0.0,0.0,0.0,0.0,0.33611111111111125,0.0009259259259259689,3252843.5231749844,427010.1365190271,6023.784302175896,790.7595120722726,0.0,0.0,0.0,0.0,0.0,0.0,0.663888888888889,0.0009259259259259411,0.058333333333333334,0.00648148148148148,0.06759259259259259,0.004629629629629629,0.06944444444444445,0.0009259259259259273,0.14074074074074075,0.0
stress_scan,load_scale,1.5,IQL,2,15,1.5,1.0,1.0,1.0,120,0.7,0.8,0.0018518518518518268,0.0,0.0,0.0,0.0,0.0,0.0,0.0,0.0,608.3454480092593,22.07722345370371,0.0,0.0,0.0,0.0,0.0,0.0,0.2518518518518518,0.005555555555555494,2016344.8950010706,70620.27133265836,3733.9720277797605,130.77828024566384,0.0,0.0,0.0,0.0,0.0,0.0,0.7481481481481481,0.005555555555555536,0.04259259259259259,0.0,0.049074074074074076,0.008333333333333331,0.05092592592592592,0.004629629629629629,0.10925925925925925,0.007407407407407411
stress_scan,load_scale,1.5,No-EVT,2,15,1.5,1.0,1.0,1.0,120,0.7,0.7407407407407407,0.0018518518518518823,0.0,0.0,0.0,0.0,0.0,0.0,0.0,0.0,545.7948592407406,24.957235000000026,0.0,0.0,0.0,0.0,0.0,0.0,0.33611111111111125,0.0009259259259259689,3252843.5231749844,427010.1365190271,6023.784302175896,790.7595120722726,0.0,0.0,0.0,0.0,0.0,0.0,0.663888888888889,0.0009259259259259411,0.058333333333333334,0.00648148148148148,0.06759259259259259,0.004629629629629629,0.06944444444444445,0.0009259259259259273,0.14074074074074075,0.0
stress_scan,load_scale,1.5,C6-Only,2,15,1.5,1.0,1.0,1.0,120,0.7,0.7407407407407407,0.0018518518518518823,0.0,0.0,0.0,0.0,0.0,0.0,0.0,0.0,545.7948592407406,24.957235000000026,0.0,0.0,0.0,0.0,0.0,0.0,0.33611111111111125,0.0009259259259259689,3252843.5231749844,427010.1365190271,6023.784302175896,790.7595120722726,0.0,0.0,0.0,0.0,0.0,0.0,0.663888888888889,0.0009259259259259411,0.058333333333333334,0.00648148148148148,0.06759259259259259,0.004629629629629629,0.06944444444444445,0.0009259259259259273,0.14074074074074075,0.0
stress_scan,load_scale,1.5,Lyapunov-Greedy,2,15,1.5,1.0,1.0,1.0,120,0.7,1.0,0.0,0.0,0.0,0.0,0.0,0.0,0.0,0.0,0.0,778.0689109074074,0.4381096296296505,0.0,0.0,0.0,0.0,0.0,0.0,0.0,0.0,0.14579999999999996,0.0,0.0002699999999999999,0.0,0.0,0.0,0.0,0.0,0.0,0.0,1.0,0.0,0.0,0.0,0.0,0.0,0.0,0.0,0.0,0.0
stress_scan,load_scale,1.5,Non-MEC,2,15,1.5,1.0,1.0,1.0,120,0.7,1.0,0.0,0.0,0.0,0.0,0.0,0.0,0.0,0.0,0.0,778.0689109074074,0.4381096296296505,0.0,0.0,0.0,0.0,0.0,0.0,0.0,0.0,0.14579999999999996,0.0,0.0002699999999999999,0.0,0.0,0.0,0.0,0.0,0.0,0.0,1.0,0.0,0.0,0.0,0.0,0.0,0.0,0.0,0.0,0.0
stress_scan,load_scale,1.5,Stand-alone MEC,2,15,1.5,1.0,1.0,1.0,120,0.7,0.10555555555555554,0.0018518518518518615,0.0,0.0,0.0,0.0,0.0,0.0,0.0,0.0,105.55555555555557,1.8518518518518547,0.0,0.0,0.0,0.0,0.0,0.0,1.0,0.0,2636490.108361804,11366.683993366314,4882.389089558896,21.04941480253001,0.0,0.0,0.0,0.0,0.0,0.0,0.0,0.0,0.0,0.0,0.0,0.0,0.8944444444444444,0.0018518518518518268,0.10555555555555556,0.0018518518518518545
stress_scan,load_scale,1.5,Random,2,15,1.5,1.0,1.0,1.0,120,0.7,0.548148148148148,0.011111111111111127,0.0,0.0,0.0,0.0,0.0,0.0,0.0,0.0,1082.6397726527775,191.93610546759254,0.0,0.0,0.0,0.0,0.0,0.0,0.4962962962962963,0.011111111111111127,1299409.7203744953,33139.48279421171,2406.3142969898063,61.369412581873576,0.1074074074074074,0.003703703703703702,0.12685185185185185,0.017592592592592583,0.13240740740740742,0.025,0.137037037037037,0.007407407407407404,0.12037037037037036,0.0,0.12314814814814815,0.008333333333333331,0.1175925925925926,0.0009259259259259273,0.13518518518518519,0.003703703703703709
stress_scan,load_scale,2.0,Full,2,15,2.0,1.0,1.0,1.0,120,0.7,0.7324074074074074,0.0009259259259258856,0.0,0.0,0.0,0.0,0.0,0.0,0.0,0.0,695.8396210864196,32.58590481481485,0.0,0.0,0.0,0.0,0.0,0.0,0.338888888888889,2.7755575615628914e-17,4026063.6232791883,464351.50846856507,7455.673376442941,859.9102008677128,0.0,0.0,0.0,0.0,0.0,0.0,0.6611111111111111,0.0,0.062037037037037036,0.006481481481481484,0.0685185185185185,0.005555555555555557,0.06759259259259259,0.002777777777777782,0.14074074074074075,0.0018518518518518545
stress_scan,load_scale,2.0,IQL,2,15,2.0,1.0,1.0,1.0,120,0.7,0.7898148148148149,0.03055555555555567,0.010185185185185186,0.010185185185185186,0.03333333333333333,0.03333333333333333,0.0,0.0,0.0,0.0,805.6457914444444,4.9045520617283955,0.010185185185185186,0.010185185185185186,60000.07912944908,60000.07912944908,153461181739.52005,153461181739.52005,0.2611111111111111,0.020370370370370358,2269817.9434665535,302861.7071644482,4203.366561975099,560.8550132674966,0.0,0.0,0.0,0.0,0.0,0.0,0.7388888888888889,0.020370370370370372,0.05185185185185186,0.007407407407407408,0.05648148148148148,0.013888888888888892,0.0537037037037037,0.018518518518518514,0.09907407407407408,0.019444444444444445
stress_scan,load_scale,2.0,No-EVT,2,15,2.0,1.0,1.0,1.0,120,0.7,0.7324074074074074,0.0009259259259258856,0.0,0.0,0.0,0.0,0.0,0.0,0.0,0.0,695.8396210864196,32.58590481481485,0.0,0.0,0.0,0.0,0.0,0.0,0.338888888888889,2.7755575615628914e-17,4026063.6232791883,464351.50846856507,7455.673376442941,859.9102008677128,0.0,0.0,0.0,0.0,0.0,0.0,0.6611111111111111,0.0,0.062037037037037036,0.006481481481481484,0.0685185185185185,0.005555555555555557,0.06759259259259259,0.002777777777777782,0.14074074074074075,0.0018518518518518545
stress_scan,load_scale,2.0,C6-Only,2,15,2.0,1.0,1.0,1.0,120,0.7,0.7324074074074074,0.0009259259259258856,0.0,0.0,0.0,0.0,0.0,0.0,0.0,0.0,695.8396210864196,32.58590481481485,0.0,0.0,0.0,0.0,0.0,0.0,0.338888888888889,2.7755575615628914e-17,4026063.6232791883,464351.50846856507,7455.673376442941,859.9102008677128,0.0,0.0,0.0,0.0,0.0,0.0,0.6611111111111111,0.0,0.062037037037037036,0.006481481481481484,0.0685185185185185,0.005555555555555557,0.06759259259259259,0.002777777777777782,0.14074074074074075,0.0018518518518518545
stress_scan,load_scale,2.0,Lyapunov-Greedy,2,15,2.0,1.0,1.0,1.0,120,0.7,1.0,0.0,0.0,0.0,0.0,0.0,0.0,0.0,0.0,0.0,1037.758547876543,0.5841461728393824,0.0,0.0,0.0,0.0,0.0,0.0,0.0,0.0,0.14579999999999996,0.0,0.0002699999999999999,0.0,0.0,0.0,0.0,0.0,0.0,0.0,1.0,0.0,0.0,0.0,0.0,0.0,0.0,0.0,0.0,0.0
stress_scan,load_scale,2.0,Non-MEC,2,15,2.0,1.0,1.0,1.0,120,0.7,1.0,0.0,0.0,0.0,0.0,0.0,0.0,0.0,0.0,0.0,1037.758547876543,0.5841461728393824,0.0,0.0,0.0,0.0,0.0,0.0,0.0,0.0,0.14579999999999996,0.0,0.0002699999999999999,0.0,0.0,0.0,0.0,0.0,0.0,0.0,1.0,0.0,0.0,0.0,0.0,0.0,0.0,0.0,0.0,0.0
stress_scan,load_scale,2.0,Stand-alone MEC,2,15,2.0,1.0,1.0,1.0,120,0.7,0.18425925925925923,0.0009259259259259273,0.11666666666666667,0.0,0.2,0.0,0.0,0.0,0.0,0.0,0.03259452180487082,5.384032688636464e-05,0.11666666666666667,0.0,848041.7971482525,3849.5238095237873,4732880520703.5,29770634363.196777,1.0,0.0,2879945.6952555235,2992.307253558887,5333.23276899171,5.541309728812848,0.0,0.0,0.0,0.0,0.0,0.0,0.0,0.0,0.0,0.0,0.0,0.0,0.8138888888888889,0.0009259259259258856,0.18611111111111112,0.0009259259259259273
stress_scan,load_scale,2.0,Random,2,15,2.0,1.0,1.0,1.0,120,0.7,0.5037037037037037,0.011111111111111044,0.0,0.0,0.0,0.0,0.0,0.0,0.0,0.0,1384.4283388456788,255.91110358641959,0.0,0.0,0.0,0.0,0.0,0.0,0.4962962962962963,0.011111111111111127,1424496.6609862824,24464.80902014661,2637.956779604227,45.305201889160344,0.1074074074074074,0.003703703703703702,0.12685185185185185,0.017592592592592583,0.13240740740740742,0.025,0.137037037037037,0.007407407407407404,0.12037037037037036,0.0,0.12314814814814815,0.008333333333333331,0.1175925925925926,0.0009259259259259273,0.13518518518518519,0.003703703703703709
stress_scan,f_scale,0.4,Full,2,15,1.0,1.0,0.4,1.0,120,0.7,0.7083333333333333,0.002777777777777768,0.0,0.0,0.0,0.0,0.0,0.0,0.0,0.0,366.97210019753084,12.279751037037016,0.0,0.0,0.0,0.0,0.0,0.0,0.3472222222222223,0.00277777777777774,311667.0356361549,27601.20315868687,577.1611771039904,51.113339182753464,0.0,0.0,0.0,0.0,0.0,0.0,0.6527777777777778,0.002777777777777768,0.06944444444444445,0.002777777777777775,0.07222222222222222,0.0,0.07222222222222222,0.007407407407407411,0.13333333333333333,0.0018518518518518545
stress_scan,f_scale,0.4,IQL,2,15,1.0,1.0,0.4,1.0,120,0.7,0.7722222222222221,0.014814814814814892,0.0,0.0,0.0,0.0,0.0,0.0,0.0,0.0,427.2775514259259,15.497202549382678,0.0,0.0,0.0,0.0,0.0,0.0,0.2694444444444445,0.002777777777777768,186948.25423577952,37088.73322444924,346.2004708069991,68.68283930453563,0.0,0.0,0.0,0.0,0.0,0.0,0.7305555555555555,0.002777777777777768,0.05740740740740741,0.0018518518518518545,0.058333333333333334,0.01203703703703704,0.06388888888888888,0.017592592592592597,0.08981481481481482,0.025
stress_scan,f_scale,0.4,No-EVT,2,15,1.0,1.0,0.4,1.0,120,0.7,0.7083333333333333,0.002777777777777768,0.0,0.0,0.0,0.0,0.0,0.0,0.0,0.0,366.97210019753084,12.279751037037016,0.0,0.0,0.0,0.0,0.0,0.0,0.3472222222222223,0.00277777777777774,311667.0356361549,27601.20315868687,577.1611771039904,51.113339182753464,0.0,0.0,0.0,0.0,0.0,0.0,0.6527777777777778,0.002777777777777768,0.06944444444444445,0.002777777777777775,0.07222222222222222,0.0,0.07222222222222222,0.007407407407407411,0.13333333333333333,0.0018518518518518545
stress_scan,f_scale,0.4,C6-Only,2,15,1.0,1.0,0.4,1.0,120,0.7,0.7083333333333333,0.002777777777777768,0.0,0.0,0.0,0.0,0.0,0.0,0.0,0.0,366.97210019753084,12.279751037037016,0.0,0.0,0.0,0.0,0.0,0.0,0.3472222222222223,0.00277777777777774,311667.0356361549,27601.20315868687,577.1611771039904,51.113339182753464,0.0,0.0,0.0,0.0,0.0,0.0,0.6527777777777778,0.002777777777777768,0.06944444444444445,0.002777777777777775,0.07222222222222222,0.0,0.07222222222222222,0.007407407407407411,0.13333333333333333,0.0018518518518518545
stress_scan,f_scale,0.4,Lyapunov-Greedy,2,15,1.0,1.0,0.4,1.0,120,0.7,1.0,0.0,0.0,0.0,0.0,0.0,0.0,0.0,0.0,0.0,518.3792739382716,0.2920730864196912,0.0,0.0,0.0,0.0,0.0,0.0,0.0,0.0,0.14579999999999996,0.0,0.0002699999999999999,0.0,0.0,0.0,0.0,0.0,0.0,0.0,1.0,0.0,0.0,0.0,0.0,0.0,0.0,0.0,0.0,0.0
stress_scan,f_scale,0.4,Non-MEC,2,15,1.0,1.0,0.4,1.0,120,0.7,1.0,0.0,0.0,0.0,0.0,0.0,0.0,0.0,0.0,0.0,518.3792739382716,0.2920730864196912,0.0,0.0,0.0,0.0,0.0,0.0,0.0,0.0,0.14579999999999996,0.0,0.0002699999999999999,0.0,0.0,0.0,0.0,0.0,0.0,0.0,1.0,0.0,0.0,0.0,0.0,0.0,0.0,0.0,0.0,0.0
stress_scan,f_scale,0.4,Stand-alone MEC,2,15,1.0,1.0,0.4,1.0,120,0.7,0.2,0.0,0.0,0.0,0.0,0.0,0.0,0.0,0.0,0.0,0.18410599913141978,5.000724469922391e-05,0.0,0.0,0.0,0.0,0.0,0.0,1.0,0.0,230396.22923162696,239.3848575312004,426.65968376227215,0.44330529172444244,0.0,0.0,0.0,0.0,0.0,0.0,0.0,0.0,0.0,0.0,0.0,0.0,0.8,0.0,0.2,0.0
stress_scan,f_scale,0.4,Random,2,15,1.0,1.0,0.4,1.0,120,0.7,0.5314814814814814,0.031481481481481444,0.0,0.0,0.0,0.0,0.0,0.0,0.0,0.0,691.964439562202,127.95912117894085,0.0,0.0,0.0,0.0,0.0,0.0,0.4962962962962963,0.011111111111111127,113959.87315625921,1957.1862262153809,211.0368021412208,3.624418937435891,0.1074074074074074,0.003703703703703702,0.12685185185185185,0.017592592592592583,0.13240740740740742,0.025,0.137037037037037,0.007407407407407404,0.12037037037037036,0.0,0.12314814814814815,0.008333333333333331,0.1175925925925926,0.0009259259259259273,0.13518518518518519,0.003703703703703709
stress_scan,f_scale,0.6,Full,2,15,1.0,1.0,0.6,1.0,120,0.7,0.7407407407407407,0.0018518518518518823,0.0,0.0,0.0,0.0,0.0,0.0,0.0,0.0,390.0217765308642,16.18394061728395,0.0,0.0,0.0,0.0,0.0,0.0,0.33703703703703713,0.0018518518518518823,857713.5462884761,179513.12410373345,1588.3584190527336,332.43171130321014,0.0,0.0,0.0,0.0,0.0,0.0,0.662962962962963,0.0018518518518518823,0.054629629629629625,0.0027777777777777783,0.06944444444444445,0.002777777777777775,0.06944444444444445,0.0009259259259259273,0.14351851851851852,0.002777777777777768
stress_scan,f_scale,0.6,IQL,2,15,1.0,1.0,0.6,1.0,120,0.7,0.799074074074074,0.0009259259259259411,0.0,0.0,0.0,0.0,0.0,0.0,0.0,0.0,422.5942388333333,13.47776814197536,0.0,0.0,0.0,0.0,0.0,0.0,0.2527777777777777,0.004629629629629581,483923.3132282259,16949.1159134428,896.1542837559739,31.38725169156072,0.0,0.0,0.0,0.0,0.0,0.0,0.7472222222222222,0.00462962962962965,0.04259259259259259,0.0,0.04814814814814815,0.009259259259259259,0.05277777777777778,0.002777777777777775,0.10925925925925925,0.007407407407407411
stress_scan,f_scale,0.6,No-EVT,2,15,1.0,1.0,0.6,1.0,120,0.7,0.7407407407407407,0.0018518518518518823,0.0,0.0,0.0,0.0,0.0,0.0,0.0,0.0,390.0217765308642,16.18394061728395,0.0,0.0,0.0,0.0,0.0,0.0,0.33703703703703713,0.0018518518518518823,857713.5462884761,179513.12410373345,1588.3584190527336,332.43171130321014,0.0,0.0,0.0,0.0,0.0,0.0,0.662962962962963,0.0018518518518518823,0.054629629629629625,0.0027777777777777783,0.06944444444444445,0.002777777777777775,0.06944444444444445,0.0009259259259259273,0.14351851851851852,0.002777777777777768
stress_scan,f_scale,0.6,C6-Only,2,15,1.0,1.0,0.6,1.0,120,0.7,0.7407407407407407,0.0018518518518518823,0.0,0.0,0.0,0.0,0.0,0.0,0.0,0.0,390.0217765308642,16.18394061728395,0.0,0.0,0.0,0.0,0.0,0.0,0.33703703703703713,0.0018518518518518823,857713.5462884761,179513.12410373345,1588.3584190527336,332.43171130321014,0.0,0.0,0.0,0.0,0.0,0.0,0.662962962962963,0.0018518518518518823,0.054629629629629625,0.0027777777777777783,0.06944444444444445,0.002777777777777775,0.06944444444444445,0.0009259259259259273,0.14351851851851852,0.002777777777777768
stress_scan,f_scale,0.6,Lyapunov-Greedy,2,15,1.0,1.0,0.6,1.0,120,0.7,1.0,0.0,0.0,0.0,0.0,0.0,0.0,0.0,0.0,0.0,518.3792739382716,0.2920730864196912,0.0,0.0,0.0,0.0,0.0,0.0,0.0,0.0,0.14579999999999996,0.0,0.0002699999999999999,0.0,0.0,0.0,0.0,0.0,0.0,0.0,1.0,0.0,0.0,0.0,0.0,0.0,0.0,0.0,0.0,0.0
stress_scan,f_scale,0.6,Non-MEC,2,15,1.0,1.0,0.6,1.0,120,0.7,1.0,0.0,0.0,0.0,0.0,0.0,0.0,0.0,0.0,0.0,518.3792739382716,0.2920730864196912,0.0,0.0,0.0,0.0,0.0,0.0,0.0,0.0,0.14579999999999996,0.0,0.0002699999999999999,0.0,0.0,0.0,0.0,0.0,0.0,0.0,1.0,0.0,0.0,0.0,0.0,0.0,0.0,0.0,0.0,0.0
stress_scan,f_scale,0.6,Stand-alone MEC,2,15,1.0,1.0,0.6,1.0,120,0.7,0.05925925925925926,0.001851851851851851,0.0,0.0,0.0,0.0,0.0,0.0,0.0,0.0,59.25925925925925,1.8518518518518547,0.0,0.0,0.0,0.0,0.0,0.0,1.0,0.0,589461.9782334396,4781.70567594521,1091.596255987851,8.855010511009596,0.0,0.0,0.0,0.0,0.0,0.0,0.0,0.0,0.0,0.0,0.0,0.0,0.9407407407407407,0.0018518518518518268,0.05925925925925926,0.001851851851851851
stress_scan,f_scale,0.6,Random,2,15,1.0,1.0,0.6,1.0,120,0.7,0.5342592592592592,0.012037037037037013,0.0,0.0,0.0,0.0,0.0,0.0,0.0,0.0,722.5178731265432,127.0351814228394,0.0,0.0,0.0,0.0,0.0,0.0,0.4962962962962963,0.011111111111111127,288271.71687511285,3197.1986246343295,533.8365127316904,5.920738193767306,0.1074074074074074,0.003703703703703702,0.12685185185185185,0.017592592592592583,0.13240740740740742,0.025,0.137037037037037,0.007407407407407404,0.12037037037037036,0.0,0.12314814814814815,0.008333333333333331,0.1175925925925926,0.0009259259259259273,0.13518518518518519,0.003703703703703709
stress_scan,f_scale,0.8,Full,2,15,1.0,1.0,0.8,1.0,120,0.7,0.7388888888888889,0.0018518518518518268,0.0,0.0,0.0,0.0,0.0,0.0,0.0,0.0,385.2560740617284,14.795188765432101,0.0,0.0,0.0,0.0,0.0,0.0,0.3379629629629631,0.0009259259259258856,1235103.2737453612,150044.11096379813,2287.228284713632,277.8594647477744,0.0,0.0,0.0,0.0,0.0,0.0,0.662037037037037,0.0009259259259259411,0.061111111111111116,0.007407407407407408,0.06388888888888888,0.006481481481481484,0.06851851851851852,0.0018518518518518545,0.14444444444444443,0.003703703703703695
stress_scan,f_scale,0.8,IQL,2,15,1.0,1.0,0.8,1.0,120,0.7,0.8046296296296296,0.0009259259259259411,0.0,0.0,0.0,0.0,0.0,0.0,0.0,0.0,440.4795595679012,2.547778592592607,0.0,0.0,0.0,0.0,0.0,0.0,0.2462962962962963,2.7755575615628914e-17,854574.2027434101,14966.584024459298,1582.544819895204,27.715896341591247,0.0,0.0,0.0,0.0,0.0,0.0,0.7537037037037037,0.0,0.044444444444444446,0.0,0.05648148148148148,0.010185185185185186,0.04444444444444444,0.001851851851851851,0.10092592592592592,0.012037037037037034
stress_scan,f_scale,0.8,No-EVT,2,15,1.0,1.0,0.8,1.0,120,0.7,0.7388888888888889,0.0018518518518518268,0.0,0.0,0.0,0.0,0.0,0.0,0.0,0.0,385.2560740617284,14.795188765432101,0.0,0.0,0.0,0.0,0.0,0.0,0.3379629629629631,0.0009259259259258856,1235103.2737453612,150044.11096379813,2287.228284713632,277.8594647477744,0.0,0.0,0.0,0.0,0.0,0.0,0.662037037037037,0.0009259259259259411,0.061111111111111116,0.007407407407407408,0.06388888888888888,0.006481481481481484,0.06851851851851852,0.0018518518518518545,0.14444444444444443,0.003703703703703695
stress_scan,f_scale,0.8,C6-Only,2,15,1.0,1.0,0.8,1.0,120,0.7,0.7388888888888889,0.0018518518518518268,0.0,0.0,0.0,0.0,0.0,0.0,0.0,0.0,385.2560740617284,14.795188765432101,0.0,0.0,0.0,0.0,0.0,0.0,0.3379629629629631,0.0009259259259258856,1235103.2737453612,150044.11096379813,2287.228284713632,277.8594647477744,0.0,0.0,0.0,0.0,0.0,0.0,0.662037037037037,0.0009259259259259411,0.061111111111111116,0.007407407407407408,0.06388888888888888,0.006481481481481484,0.06851851851851852,0.0018518518518518545,0.14444444444444443,0.003703703703703695
stress_scan,f_scale,0.8,Lyapunov-Greedy,2,15,1.0,1.0,0.8,1.0,120,0.7,1.0,0.0,0.0,0.0,0.0,0.0,0.0,0.0,0.0,0.0,518.3792739382716,0.2920730864196912,0.0,0.0,0.0,0.0,0.0,0.0,0.0,0.0,0.14579999999999996,0.0,0.0002699999999999999,0.0,0.0,0.0,0.0,0.0,0.0,0.0,1.0,0.0,0.0,0.0,0.0,0.0,0.0,0.0,0.0,0.0
stress_scan,f_scale,0.8,Non-MEC,2,15,1.0,1.0,0.8,1.0,120,0.7,1.0,0.0,0.0,0.0,0.0,0.0,0.0,0.0,0.0,0.0,518.3792739382716,0.2920730864196912,0.0,0.0,0.0,0.0,0.0,0.0,0.0,0.0,0.14579999999999996,0.0,0.0002699999999999999,0.0,0.0,0.0,0.0,0.0,0.0,0.0,1.0,0.0,0.0,0.0,0.0,0.0,0.0,0.0,0.0,0.0
stress_scan,f_scale,0.8,Stand-alone MEC,2,15,1.0,1.0,0.8,1.0,120,0.7,0.39999999999999997,0.0,0.0,0.0,0.0,0.0,0.0,0.0,0.0,0.0,399.99999999999994,0.0,0.0,0.0,0.0,0.0,0.0,0.0,1.0,0.0,1651631.120145441,94.4284958433127,3058.5761484174836,0.1748675848948551,0.0,0.0,0.0,0.0,0.0,0.0,0.0,0.0,0.0,0.0,0.0,0.0,0.6,0.0,0.4,0.0
stress_scan,f_scale,0.8,Random,2,15,1.0,1.0,0.8,1.0,120,0.7,0.6694444444444443,0.008333333333333248,0.0,0.0,0.0,0.0,0.0,0.0,0.0,0.0,857.7030583117282,130.73888512654327,0.0,0.0,0.0,0.0,0.0,0.0,0.4962962962962963,0.011111111111111127,879071.8601451099,50961.3995209306,1627.910852120574,94.37296207579743,0.1074074074074074,0.003703703703703702,0.12685185185185185,0.017592592592592583,0.13240740740740742,0.025,0.137037037037037,0.007407407407407404,0.12037037037037036,0.0,0.12314814814814815,0.008333333333333331,0.1175925925925926,0.0009259259259259273,0.13518518518518519,0.003703703703703709
stress_scan,f_scale,1.0,Full,2,15,1.0,1.0,1.0,1.0,120,0.7,0.7388888888888889,0.0018518518518518268,0.0,0.0,0.0,0.0,0.0,0.0,0.0,0.0,385.2560740617284,14.795188765432101,0.0,0.0,0.0,0.0,0.0,0.0,0.3379629629629631,0.0009259259259258856,1929848.5301271258,234443.9426152804,3573.793574309492,434.15544928755617,0.0,0.0,0.0,0.0,0.0,0.0,0.662037037037037,0.0009259259259259411,0.061111111111111116,0.007407407407407408,0.06388888888888888,0.006481481481481484,0.06851851851851852,0.0018518518518518545,0.14444444444444443,0.003703703703703695
stress_scan,f_scale,1.0,IQL,2,15,1.0,1.0,1.0,1.0,120,0.7,0.8046296296296296,0.0009259259259259411,0.0,0.0,0.0,0.0,0.0,0.0,0.0,0.0,440.4795595679012,2.547778592592607,0.0,0.0,0.0,0.0,0.0,0.0,0.2462962962962963,2.7755575615628914e-17,1335271.9288533188,23385.28964455519,2472.7257941728126,43.306091934361575,0.0,0.0,0.0,0.0,0.0,0.0,0.7537037037037037,0.0,0.044444444444444446,0.0,0.05648148148148148,0.010185185185185186,0.04444444444444444,0.001851851851851851,0.10092592592592592,0.012037037037037034
stress_scan,f_scale,1.0,No-EVT,2,15,1.0,1.0,1.0,1.0,120,0.7,0.7388888888888889,0.0018518518518518268,0.0,0.0,0.0,0.0,0.0,0.0,0.0,0.0,385.2560740617284,14.795188765432101,0.0,0.0,0.0,0.0,0.0,0.0,0.3379629629629631,0.0009259259259258856,1929848.5301271258,234443.9426152804,3573.793574309492,434.15544928755617,0.0,0.0,0.0,0.0,0.0,0.0,0.662037037037037,0.0009259259259259411,0.061111111111111116,0.007407407407407408,0.06388888888888888,0.006481481481481484,0.06851851851851852,0.0018518518518518545,0.14444444444444443,0.003703703703703695
stress_scan,f_scale,1.0,C6-Only,2,15,1.0,1.0,1.0,1.0,120,0.7,0.7388888888888889,0.0018518518518518268,0.0,0.0,0.0,0.0,0.0,0.0,0.0,0.0,385.2560740617284,14.795188765432101,0.0,0.0,0.0,0.0,0.0,0.0,0.3379629629629631,0.0009259259259258856,1929848.5301271258,234443.9426152804,3573.793574309492,434.15544928755617,0.0,0.0,0.0,0.0,0.0,0.0,0.662037037037037,0.0009259259259259411,0.061111111111111116,0.007407407407407408,0.06388888888888888,0.006481481481481484,0.06851851851851852,0.0018518518518518545,0.14444444444444443,0.003703703703703695
stress_scan,f_scale,1.0,Lyapunov-Greedy,2,15,1.0,1.0,1.0,1.0,120,0.7,1.0,0.0,0.0,0.0,0.0,0.0,0.0,0.0,0.0,0.0,518.3792739382716,0.2920730864196912,0.0,0.0,0.0,0.0,0.0,0.0,0.0,0.0,0.14579999999999996,0.0,0.0002699999999999999,0.0,0.0,0.0,0.0,0.0,0.0,0.0,1.0,0.0,0.0,0.0,0.0,0.0,0.0,0.0,0.0,0.0
stress_scan,f_scale,1.0,Non-MEC,2,15,1.0,1.0,1.0,1.0,120,0.7,1.0,0.0,0.0,0.0,0.0,0.0,0.0,0.0,0.0,0.0,518.3792739382716,0.2920730864196912,0.0,0.0,0.0,0.0,0.0,0.0,0.0,0.0,0.14579999999999996,0.0,0.0002699999999999999,0.0,0.0,0.0,0.0,0.0,0.0,0.0,1.0,0.0,0.0,0.0,0.0,0.0,0.0,0.0,0.0,0.0
stress_scan,f_scale,1.0,Stand-alone MEC,2,15,1.0,1.0,1.0,1.0,120,0.7,0.5,0.0,0.0,0.0,0.0,0.0,0.0,0.0,0.0,0.0,500.0,0.0,0.0,0.0,0.0,0.0,0.0,0.0,1.0,0.0,2714129.610816393,2292.5900976920966,5026.165945956283,4.2455372179483675,0.0,0.0,0.0,0.0,0.0,0.0,0.0,0.0,0.0,0.0,0.0,0.0,0.5,0.0,0.5,0.0
stress_scan,f_scale,1.0,Random,2,15,1.0,1.0,1.0,1.0,120,0.7,0.7324074074074074,0.0064814814814814214,0.0,0.0,0.0,0.0,0.0,0.0,0.0,0.0,920.6660212746913,145.55369994135793,0.0,0.0,0.0,0.0,0.0,0.0,0.4962962962962963,0.011111111111111127,1474893.1933351024,195357.2886673204,2731.2836913613005,361.7727567913339,0.1074074074074074,0.003703703703703702,0.12685185185185185,0.017592592592592583,0.13240740740740742,0.025,0.137037037037037,0.007407407407407404,0.12037037037037036,0.0,0.12314814814814815,0.008333333333333331,0.1175925925925926,0.0009259259259259273,0.13518518518518519,0.003703703703703709
stress_scan,f_scale,1.2,Full,2,15,1.0,1.0,1.2,1.0,120,0.7,0.7388888888888889,0.0018518518518518268,0.0,0.0,0.0,0.0,0.0,0.0,0.0,0.0,385.2560740617284,14.795188765432101,0.0,0.0,0.0,0.0,0.0,0.0,0.3379629629629631,0.0009259259259258856,2778981.6212603915,337599.2924115367,5146.262261593318,625.1838748361793,0.0,0.0,0.0,0.0,0.0,0.0,0.662037037037037,0.0009259259259259411,0.061111111111111116,0.007407407407407408,0.06388888888888888,0.006481481481481484,0.06851851851851852,0.0018518518518518545,0.14444444444444443,0.003703703703703695
stress_scan,f_scale,1.2,IQL,2,15,1.0,1.0,1.2,1.0,120,0.7,0.8046296296296296,0.0009259259259259411,0.0,0.0,0.0,0.0,0.0,0.0,0.0,0.0,440.4795595679012,2.547778592592607,0.0,0.0,0.0,0.0,0.0,0.0,0.2462962962962963,2.7755575615628914e-17,1922791.3718765397,33674.81873578357,3560.724762734333,62.36077543663623,0.0,0.0,0.0,0.0,0.0,0.0,0.7537037037037037,0.0,0.044444444444444446,0.0,0.05648148148148148,0.010185185185185186,0.04444444444444444,0.001851851851851851,0.10092592592592592,0.012037037037037034
stress_scan,f_scale,1.2,No-EVT,2,15,1.0,1.0,1.2,1.0,120,0.7,0.7388888888888889,0.0018518518518518268,0.0,0.0,0.0,0.0,0.0,0.0,0.0,0.0,385.2560740617284,14.795188765432101,0.0,0.0,0.0,0.0,0.0,0.0,0.3379629629629631,0.0009259259259258856,2778981.6212603915,337599.2924115367,5146.262261593318,625.1838748361793,0.0,0.0,0.0,0.0,0.0,0.0,0.662037037037037,0.0009259259259259411,0.061111111111111116,0.007407407407407408,0.06388888888888888,0.006481481481481484,0.06851851851851852,0.0018518518518518545,0.14444444444444443,0.003703703703703695
stress_scan,f_scale,1.2,C6-Only,2,15,1.0,1.0,1.2,1.0,120,0.7,0.7388888888888889,0.0018518518518518268,0.0,0.0,0.0,0.0,0.0,0.0,0.0,0.0,385.2560740617284,14.795188765432101,0.0,0.0,0.0,0.0,0.0,0.0,0.3379629629629631,0.0009259259259258856,2778981.6212603915,337599.2924115367,5146.262261593318,625.1838748361793,0.0,0.0,0.0,0.0,0.0,0.0,0.662037037037037,0.0009259259259259411,0.061111111111111116,0.007407407407407408,0.06388888888888888,0.006481481481481484,0.06851851851851852,0.0018518518518518545,0.14444444444444443,0.003703703703703695
stress_scan,f_scale,1.2,Lyapunov-Greedy,2,15,1.0,1.0,1.2,1.0,120,0.7,1.0,0.0,0.0,0.0,0.0,0.0,0.0,0.0,0.0,0.0,518.3792739382716,0.2920730864196912,0.0,0.0,0.0,0.0,0.0,0.0,0.0,0.0,0.14579999999999996,0.0,0.0002699999999999999,0.0,0.0,0.0,0.0,0.0,0.0,0.0,1.0,0.0,0.0,0.0,0.0,0.0,0.0,0.0,0.0,0.0
stress_scan,f_scale,1.2,Non-MEC,2,15,1.0,1.0,1.2,1.0,120,0.7,1.0,0.0,0.0,0.0,0.0,0.0,0.0,0.0,0.0,0.0,518.3792739382716,0.2920730864196912,0.0,0.0,0.0,0.0,0.0,0.0,0.0,0.0,0.14579999999999996,0.0,0.0002699999999999999,0.0,0.0,0.0,0.0,0.0,0.0,0.0,1.0,0.0,0.0,0.0,0.0,0.0,0.0,0.0,0.0,0.0
stress_scan,f_scale,1.2,Stand-alone MEC,2,15,1.0,1.0,1.2,1.0,120,0.7,0.5,0.0,0.0,0.0,0.0,0.0,0.0,0.0,0.0,0.0,500.0,0.0,0.0,0.0,0.0,0.0,0.0,0.0,1.0,0.0,3345123.644224041,6215.04183640983,6194.673415229706,11.509336734092358,0.0,0.0,0.0,0.0,0.0,0.0,0.0,0.0,0.0,0.0,0.0,0.0,0.5,0.0,0.5,0.0
stress_scan,f_scale,1.2,Random,2,15,1.0,1.0,1.2,1.0,120,0.7,0.7527777777777778,0.004629629629629706,0.0,0.0,0.0,0.0,0.0,0.0,0.0,0.0,941.0363916450617,134.44258883024696,0.0,0.0,0.0,0.0,0.0,0.0,0.4962962962962963,0.011111111111111127,2552434.3226048024,167200.42129063443,4726.7302270459295,309.6304097974712,0.1074074074074074,0.003703703703703702,0.12685185185185185,0.017592592592592583,0.13240740740740742,0.025,0.137037037037037,0.007407407407407404,0.12037037037037036,0.0,0.12314814814814815,0.008333333333333331,0.1175925925925926,0.0009259259259259273,0.13518518518518519,0.003703703703703709
stress_scan,f_scale,1.4,Full,2,15,1.0,1.0,1.4,1.0,120,0.7,0.7398148148148148,0.002777777777777768,0.0,0.0,0.0,0.0,0.0,0.0,0.0,0.0,386.1819999876543,15.721114691357997,0.0,0.0,0.0,0.0,0.0,0.0,0.3379629629629631,0.0009259259259258856,3794989.0327919703,447023.6747057575,7027.757468133279,827.8216198254768,0.0,0.0,0.0,0.0,0.0,0.0,0.662037037037037,0.0009259259259259411,0.06018518518518519,0.008333333333333335,0.06388888888888888,0.006481481481481484,0.06851851851851852,0.0018518518518518545,0.14537037037037037,0.0046296296296296224
stress_scan,f_scale,1.4,IQL,2,15,1.0,1.0,1.4,1.0,120,0.7,0.8055555555555556,0.0,0.0,0.0,0.0,0.0,0.0,0.0,0.0,0.0,441.4054854938272,1.6218526666666833,0.0,0.0,0.0,0.0,0.0,0.0,0.2462962962962963,2.7755575615628914e-17,2616402.7265519025,45105.36603697296,4845.190234355375,83.52845562402399,0.0,0.0,0.0,0.0,0.0,0.0,0.7537037037037037,0.0,0.044444444444444446,0.0,0.05648148148148148,0.010185185185185186,0.04351851851851852,0.002777777777777775,0.10185185185185186,0.01296296296296296
stress_scan,f_scale,1.4,No-EVT,2,15,1.0,1.0,1.4,1.0,120,0.7,0.7398148148148148,0.002777777777777768,0.0,0.0,0.0,0.0,0.0,0.0,0.0,0.0,386.1819999876543,15.721114691357997,0.0,0.0,0.0,0.0,0.0,0.0,0.3379629629629631,0.0009259259259258856,3794989.0327919703,447023.6747057575,7027.757468133279,827.8216198254768,0.0,0.0,0.0,0.0,0.0,0.0,0.662037037037037,0.0009259259259259411,0.06018518518518519,0.008333333333333335,0.06388888888888888,0.006481481481481484,0.06851851851851852,0.0018518518518518545,0.14537037037037037,0.0046296296296296224
stress_scan,f_scale,1.4,C6-Only,2,15,1.0,1.0,1.4,1.0,120,0.7,0.7398148148148148,0.002777777777777768,0.0,0.0,0.0,0.0,0.0,0.0,0.0,0.0,386.1819999876543,15.721114691357997,0.0,0.0,0.0,0.0,0.0,0.0,0.3379629629629631,0.0009259259259258856,3794989.0327919703,447023.6747057575,7027.757468133279,827.8216198254768,0.0,0.0,0.0,0.0,0.0,0.0,0.662037037037037,0.0009259259259259411,0.06018518518518519,0.008333333333333335,0.06388888888888888,0.006481481481481484,0.06851851851851852,0.0018518518518518545,0.14537037037037037,0.0046296296296296224
stress_scan,f_scale,1.4,Lyapunov-Greedy,2,15,1.0,1.0,1.4,1.0,120,0.7,1.0,0.0,0.0,0.0,0.0,0.0,0.0,0.0,0.0,0.0,518.3792739382716,0.2920730864196912,0.0,0.0,0.0,0.0,0.0,0.0,0.0,0.0,0.14579999999999996,0.0,0.0002699999999999999,0.0,0.0,0.0,0.0,0.0,0.0,0.0,1.0,0.0,0.0,0.0,0.0,0.0,0.0,0.0,0.0,0.0
stress_scan,f_scale,1.4,Non-MEC,2,15,1.0,1.0,1.4,1.0,120,0.7,1.0,0.0,0.0,0.0,0.0,0.0,0.0,0.0,0.0,0.0,518.3792739382716,0.2920730864196912,0.0,0.0,0.0,0.0,0.0,0.0,0.0,0.0,0.14579999999999996,0.0,0.0002699999999999999,0.0,0.0,0.0,0.0,0.0,0.0,0.0,1.0,0.0,0.0,0.0,0.0,0.0,0.0,0.0,0.0,0.0
stress_scan,f_scale,1.4,Stand-alone MEC,2,15,1.0,1.0,1.4,1.0,120,0.7,0.5,0.0,0.0,0.0,0.0,0.0,0.0,0.0,0.0,0.0,500.0,0.0,0.0,0.0,0.0,0.0,0.0,0.0,1.0,0.0,4553084.660683064,8459.362441920675,8431.638260524192,15.665486003556907,0.0,0.0,0.0,0.0,0.0,0.0,0.0,0.0,0.0,0.0,0.0,0.0,0.5,0.0,0.5,0.0
stress_scan,f_scale,1.4,Random,2,15,1.0,1.0,1.4,1.0,120,0.7,0.7537037037037037,0.005555555555555647,0.0,0.0,0.0,0.0,0.0,0.0,0.0,0.0,941.9623175709876,133.51666290432104,0.0,0.0,0.0,0.0,0.0,0.0,0.4962962962962963,0.011111111111111127,3552495.3617367856,254393.23902379,6578.695114327381,471.0985907847962,0.1074074074074074,0.003703703703703702,0.12685185185185185,0.017592592592592583,0.13240740740740742,0.025,0.137037037037037,0.007407407407407404,0.12037037037037036,0.0,0.12314814814814815,0.008333333333333331,0.1175925925925926,0.0009259259259259273,0.13518518518518519,0.003703703703703709
stress_scan,user_num,5,Full,2,5,1.0,1.0,1.0,1.0,120,0.7,0.7444444444444445,0.005555555555555591,0.0,0.0,0.0,0.0,0.0,0.0,0.0,0.0,443.20867192592584,11.16767455555555,0.0,0.0,0.0,0.0,0.0,0.0,0.39722222222222225,0.01944444444444446,7830495.546294514,911389.9661920462,43502.75303496952,5063.277589955811,0.0,0.0,0.0,0.0,0.0,0.0,0.6027777777777779,0.01944444444444443,0.07777777777777778,0.011111111111111113,0.044444444444444446,0.005555555555555557,0.06666666666666667,0.005555555555555553,0.20833333333333331,0.019444444444444445
stress_scan,user_num,5,IQL,2,5,1.0,1.0,1.0,1.0,120,0.7,0.8083333333333333,0.008333333333333304,0.0,0.0,0.0,0.0,0.0,0.0,0.0,0.0,455.226389111111,21.981003333333263,0.0,0.0,0.0,0.0,0.0,0.0,0.2777777777777778,0.011111111111111155,4286408.038333405,33326.226477612276,23813.377990741137,185.1457026534026,0.0,0.0,0.0,0.0,0.0,0.0,0.7222222222222222,0.011111111111111072,0.025,0.008333333333333333,0.025,0.008333333333333333,0.08055555555555556,0.019444444444444448,0.14722222222222223,0.008333333333333331
stress_scan,user_num,5,No-EVT,2,5,1.0,1.0,1.0,1.0,120,0.7,0.7444444444444445,0.005555555555555591,0.0,0.0,0.0,0.0,0.0,0.0,0.0,0.0,443.20867192592584,11.16767455555555,0.0,0.0,0.0,0.0,0.0,0.0,0.39722222222222225,0.01944444444444446,7830495.546294514,911389.9661920462,43502.75303496952,5063.277589955811,0.0,0.0,0.0,0.0,0.0,0.0,0.6027777777777779,0.01944444444444443,0.07777777777777778,0.011111111111111113,0.044444444444444446,0.005555555555555557,0.06666666666666667,0.005555555555555553,0.20833333333333331,0.019444444444444445
stress_scan,user_num,5,C6-Only,2,5,1.0,1.0,1.0,1.0,120,0.7,0.7444444444444445,0.005555555555555591,0.0,0.0,0.0,0.0,0.0,0.0,0.0,0.0,443.20867192592584,11.16767455555555,0.0,0.0,0.0,0.0,0.0,0.0,0.39722222222222225,0.01944444444444446,7830495.546294514,911389.9661920462,43502.75303496952,5063.277589955811,0.0,0.0,0.0,0.0,0.0,0.0,0.6027777777777779,0.01944444444444443,0.07777777777777778,0.011111111111111113,0.044444444444444446,0.005555555555555557,0.06666666666666667,0.005555555555555553,0.20833333333333331,0.019444444444444445
stress_scan,user_num,5,Lyapunov-Greedy,2,5,1.0,1.0,1.0,1.0,120,0.7,1.0,0.0,0.0,0.0,0.0,0.0,0.0,0.0,0.0,0.0,518.2517713333332,0.9413196666666295,0.0,0.0,0.0,0.0,0.0,0.0,0.0,0.0,0.04859999999999997,0.0,0.00026999999999999984,0.0,0.0,0.0,0.0,0.0,0.0,0.0,1.0,0.0,0.0,0.0,0.0,0.0,0.0,0.0,0.0,0.0
stress_scan,user_num,5,Non-MEC,2,5,1.0,1.0,1.0,1.0,120,0.7,1.0,0.0,0.0,0.0,0.0,0.0,0.0,0.0,0.0,0.0,518.2517713333332,0.9413196666666295,0.0,0.0,0.0,0.0,0.0,0.0,0.0,0.0,0.04859999999999997,0.0,0.00026999999999999984,0.0,0.0,0.0,0.0,0.0,0.0,0.0,1.0,0.0,0.0,0.0,0.0,0.0,0.0,0.0,0.0,0.0
stress_scan,user_num,5,Stand-alone MEC,2,5,1.0,1.0,1.0,1.0,120,0.7,0.5,0.0,0.0,0.0,0.0,0.0,0.0,0.0,0.0,0.0,500.0,0.0,0.0,0.0,0.0,0.0,0.0,0.0,1.0,0.0,2154332.538831289,4828.294903572416,11968.514104618269,26.82386057540225,0.0,0.0,0.0,0.0,0.0,0.0,0.0,0.0,0.0,0.0,0.0,0.0,0.5,0.0,0.5,0.0
stress_scan,user_num,5,Random,2,5,1.0,1.0,1.0,1.0,120,0.7,0.7555555555555555,0.005555555555555591,0.0,0.0,0.0,0.0,0.0,0.0,0.0,0.0,938.4818302870369,18.312529231481506,0.0,0.0,0.0,0.0,0.0,0.0,0.48888888888888893,0.011111111111111183,4464524.475369332,564740.281475358,24802.913752051845,3137.4460081964316,0.12222222222222222,0.00555555555555555,0.10555555555555556,0.00555555555555555,0.15,0.005555555555555564,0.13333333333333333,0.005555555555555564,0.10833333333333334,0.013888888888888888,0.10833333333333334,0.008333333333333331,0.1527777777777778,0.008333333333333345,0.11944444444444444,0.024999999999999994
stress_scan,user_num,10,Full,2,10,1.0,1.0,1.0,1.0,120,0.7,0.723611111111111,0.012500000000000011,0.0,0.0,0.0,0.0,0.0,0.0,0.0,0.0,425.2401066851851,5.998125055555562,0.0,0.0,0.0,0.0,0.0,0.0,0.3416666666666667,0.0027777777777777124,2449162.660262593,24842.816624728264,6803.229611840536,69.0078239575787,0.0,0.0,0.0,0.0,0.0,0.0,0.6583333333333333,0.002777777777777768,0.06388888888888888,0.013888888888888888,0.06666666666666667,0.005555555555555553,0.0736111111111111,0.001388888888888891,0.1375,0.00972222222222223
stress_scan,user_num,10,IQL,2,10,1.0,1.0,1.0,1.0,120,0.7,0.7986111111111112,0.012499999999999956,0.0,0.0,0.0,0.0,0.0,0.0,0.0,0.0,451.62510580555556,0.42185997222222227,0.0,0.0,0.0,0.0,0.0,0.0,0.25555555555555554,0.002777777777777768,1193432.586583661,414158.6571439238,3315.0905182879465,1150.440714288677,0.0,0.0,0.0,0.0,0.0,0.0,0.7444444444444445,0.002777777777777768,0.044444444444444446,0.0,0.0625,0.0013888888888888874,0.05138888888888889,0.006944444444444444,0.09722222222222222,0.002777777777777782
stress_scan,user_num,10,No-EVT,2,10,1.0,1.0,1.0,1.0,120,0.7,0.723611111111111,0.012500000000000011,0.0,0.0,0.0,0.0,0.0,0.0,0.0,0.0,425.2401066851851,5.998125055555562,0.0,0.0,0.0,0.0,0.0,0.0,0.3416666666666667,0.0027777777777777124,2449162.660262593,24842.816624728264,6803.229611840536,69.0078239575787,0.0,0.0,0.0,0.0,0.0,0.0,0.6583333333333333,0.002777777777777768,0.06388888888888888,0.013888888888888888,0.06666666666666667,0.005555555555555553,0.0736111111111111,0.001388888888888891,0.1375,0.00972222222222223
stress_scan,user_num,10,C6-Only,2,10,1.0,1.0,1.0,1.0,120,0.7,0.723611111111111,0.012500000000000011,0.0,0.0,0.0,0.0,0.0,0.0,0.0,0.0,425.2401066851851,5.998125055555562,0.0,0.0,0.0,0.0,0.0,0.0,0.3416666666666667,0.0027777777777777124,2449162.660262593,24842.816624728264,6803.229611840536,69.0078239575787,0.0,0.0,0.0,0.0,0.0,0.0,0.6583333333333333,0.002777777777777768,0.06388888888888888,0.013888888888888888,0.06666666666666667,0.005555555555555553,0.0736111111111111,0.001388888888888891,0.1375,0.00972222222222223
stress_scan,user_num,10,Lyapunov-Greedy,2,10,1.0,1.0,1.0,1.0,120,0.7,1.0,0.0,0.0,0.0,0.0,0.0,0.0,0.0,0.0,0.0,517.5485797685185,0.6699272685184496,0.0,0.0,0.0,0.0,0.0,0.0,0.0,0.0,0.09719999999999994,0.0,0.00026999999999999984,0.0,0.0,0.0,0.0,0.0,0.0,0.0,1.0,0.0,0.0,0.0,0.0,0.0,0.0,0.0,0.0,0.0
stress_scan,user_num,10,Non-MEC,2,10,1.0,1.0,1.0,1.0,120,0.7,1.0,0.0,0.0,0.0,0.0,0.0,0.0,0.0,0.0,0.0,517.5485797685185,0.6699272685184496,0.0,0.0,0.0,0.0,0.0,0.0,0.0,0.0,0.09719999999999994,0.0,0.00026999999999999984,0.0,0.0,0.0,0.0,0.0,0.0,0.0,1.0,0.0,0.0,0.0,0.0,0.0,0.0,0.0,0.0,0.0
stress_scan,user_num,10,Stand-alone MEC,2,10,1.0,1.0,1.0,1.0,120,0.7,0.5,0.0,0.0,0.0,0.0,0.0,0.0,0.0,0.0,0.0,500.0,0.0,0.0,0.0,0.0,0.0,0.0,0.0,1.0,0.0,5559996.761397574,4941.448833554983,15444.435448326596,13.726246759874812,0.0,0.0,0.0,0.0,0.0,0.0,0.0,0.0,0.0,0.0,0.0,0.0,0.5,0.0,0.5,0.0
stress_scan,user_num,10,Random,2,10,1.0,1.0,1.0,1.0,120,0.7,0.7597222222222222,0.00694444444444442,0.0,0.0,0.0,0.0,0.0,0.0,0.0,0.0,1179.5124335416667,118.40816101388884,0.0,0.0,0.0,0.0,0.0,0.0,0.4791666666666666,0.015277777777777779,2644647.1924364613,334379.9109498507,7346.242201212392,928.8330859718076,0.14027777777777778,0.009722222222222215,0.125,0.022222222222222227,0.1361111111111111,0.013888888888888888,0.11944444444444444,0.013888888888888888,0.12777777777777777,0.011111111111111113,0.12638888888888888,0.004166666666666673,0.1138888888888889,0.01666666666666667,0.1111111111111111,0.013888888888888888
stress_scan,user_num,15,Full,2,15,1.0,1.0,1.0,1.0,120,0.7,0.7388888888888889,0.0018518518518518268,0.0,0.0,0.0,0.0,0.0,0.0,0.0,0.0,385.2560740617284,14.795188765432101,0.0,0.0,0.0,0.0,0.0,0.0,0.3379629629629631,0.0009259259259258856,1929848.5301271258,234443.9426152804,3573.793574309492,434.15544928755617,0.0,0.0,0.0,0.0,0.0,0.0,0.662037037037037,0.0009259259259259411,0.061111111111111116,0.007407407407407408,0.06388888888888888,0.006481481481481484,0.06851851851851852,0.0018518518518518545,0.14444444444444443,0.003703703703703695
stress_scan,user_num,15,IQL,2,15,1.0,1.0,1.0,1.0,120,0.7,0.8046296296296296,0.0009259259259259411,0.0,0.0,0.0,0.0,0.0,0.0,0.0,0.0,440.4795595679012,2.547778592592607,0.0,0.0,0.0,0.0,0.0,0.0,0.2462962962962963,2.7755575615628914e-17,1335271.9288533188,23385.28964455519,2472.7257941728126,43.306091934361575,0.0,0.0,0.0,0.0,0.0,0.0,0.7537037037037037,0.0,0.044444444444444446,0.0,0.05648148148148148,0.010185185185185186,0.04444444444444444,0.001851851851851851,0.10092592592592592,0.012037037037037034
stress_scan,user_num,15,No-EVT,2,15,1.0,1.0,1.0,1.0,120,0.7,0.7388888888888889,0.0018518518518518268,0.0,0.0,0.0,0.0,0.0,0.0,0.0,0.0,385.2560740617284,14.795188765432101,0.0,0.0,0.0,0.0,0.0,0.0,0.3379629629629631,0.0009259259259258856,1929848.5301271258,234443.9426152804,3573.793574309492,434.15544928755617,0.0,0.0,0.0,0.0,0.0,0.0,0.662037037037037,0.0009259259259259411,0.061111111111111116,0.007407407407407408,0.06388888888888888,0.006481481481481484,0.06851851851851852,0.0018518518518518545,0.14444444444444443,0.003703703703703695
stress_scan,user_num,15,C6-Only,2,15,1.0,1.0,1.0,1.0,120,0.7,0.7388888888888889,0.0018518518518518268,0.0,0.0,0.0,0.0,0.0,0.0,0.0,0.0,385.2560740617284,14.795188765432101,0.0,0.0,0.0,0.0,0.0,0.0,0.3379629629629631,0.0009259259259258856,1929848.5301271258,234443.9426152804,3573.793574309492,434.15544928755617,0.0,0.0,0.0,0.0,0.0,0.0,0.662037037037037,0.0009259259259259411,0.061111111111111116,0.007407407407407408,0.06388888888888888,0.006481481481481484,0.06851851851851852,0.0018518518518518545,0.14444444444444443,0.003703703703703695
stress_scan,user_num,15,Lyapunov-Greedy,2,15,1.0,1.0,1.0,1.0,120,0.7,1.0,0.0,0.0,0.0,0.0,0.0,0.0,0.0,0.0,0.0,518.3792739382716,0.2920730864196912,0.0,0.0,0.0,0.0,0.0,0.0,0.0,0.0,0.14579999999999996,0.0,0.0002699999999999999,0.0,0.0,0.0,0.0,0.0,0.0,0.0,1.0,0.0,0.0,0.0,0.0,0.0,0.0,0.0,0.0,0.0
stress_scan,user_num,15,Non-MEC,2,15,1.0,1.0,1.0,1.0,120,0.7,1.0,0.0,0.0,0.0,0.0,0.0,0.0,0.0,0.0,0.0,518.3792739382716,0.2920730864196912,0.0,0.0,0.0,0.0,0.0,0.0,0.0,0.0,0.14579999999999996,0.0,0.0002699999999999999,0.0,0.0,0.0,0.0,0.0,0.0,0.0,1.0,0.0,0.0,0.0,0.0,0.0,0.0,0.0,0.0,0.0
stress_scan,user_num,15,Stand-alone MEC,2,15,1.0,1.0,1.0,1.0,120,0.7,0.5,0.0,0.0,0.0,0.0,0.0,0.0,0.0,0.0,0.0,500.0,0.0,0.0,0.0,0.0,0.0,0.0,0.0,1.0,0.0,2714129.610816393,2292.5900976920966,5026.165945956283,4.2455372179483675,0.0,0.0,0.0,0.0,0.0,0.0,0.0,0.0,0.0,0.0,0.0,0.0,0.5,0.0,0.5,0.0
stress_scan,user_num,15,Random,2,15,1.0,1.0,1.0,1.0,120,0.7,0.7324074074074074,0.0064814814814814214,0.0,0.0,0.0,0.0,0.0,0.0,0.0,0.0,920.6660212746913,145.55369994135793,0.0,0.0,0.0,0.0,0.0,0.0,0.4962962962962963,0.011111111111111127,1474893.1933351024,195357.2886673204,2731.2836913613005,361.7727567913339,0.1074074074074074,0.003703703703703702,0.12685185185185185,0.017592592592592583,0.13240740740740742,0.025,0.137037037037037,0.007407407407407404,0.12037037037037036,0.0,0.12314814814814815,0.008333333333333331,0.1175925925925926,0.0009259259259259273,0.13518518518518519,0.003703703703703709
stress_scan,user_num,20,Full,2,20,1.0,1.0,1.0,1.0,120,0.7,0.7243055555555555,0.000694444444444442,0.0,0.0,0.0,0.0,0.0,0.0,0.0,0.0,397.0530164490741,17.919659819444433,0.0,0.0,0.0,0.0,0.0,0.0,0.3465277777777778,0.004861111111111149,1309970.0729050892,132823.16262151278,1819.4028790348461,184.4766147521011,0.0,0.0,0.0,0.0,0.0,0.0,0.6534722222222222,0.004861111111111094,0.061111111111111116,0.004166666666666669,0.06736111111111112,0.002083333333333333,0.07569444444444444,0.0034722222222222238,0.1423611111111111,0.0034722222222222238
stress_scan,user_num,20,IQL,2,20,1.0,1.0,1.0,1.0,120,0.7,0.7833333333333332,0.004166666666666596,0.0,0.0,0.0,0.0,0.0,0.0,0.0,0.0,428.1499763148148,6.233011990740806,0.0,0.0,0.0,0.0,0.0,0.0,0.2638888888888889,0.008333333333333304,984965.2428934388,18014.344462703157,1368.0072817964428,25.01992286486552,0.0,0.0,0.0,0.0,0.0,0.0,0.7361111111111112,0.00833333333333336,0.05,0.008333333333333335,0.05,0.008333333333333335,0.05694444444444444,0.004166666666666666,0.10694444444444444,0.004166666666666666
stress_scan,user_num,20,No-EVT,2,20,1.0,1.0,1.0,1.0,120,0.7,0.7243055555555555,0.000694444444444442,0.0,0.0,0.0,0.0,0.0,0.0,0.0,0.0,397.0530164490741,17.919659819444433,0.0,0.0,0.0,0.0,0.0,0.0,0.3465277777777778,0.004861111111111149,1309970.0729050892,132823.16262151278,1819.4028790348461,184.4766147521011,0.0,0.0,0.0,0.0,0.0,0.0,0.6534722222222222,0.004861111111111094,0.061111111111111116,0.004166666666666669,0.06736111111111112,0.002083333333333333,0.07569444444444444,0.0034722222222222238,0.1423611111111111,0.0034722222222222238
stress_scan,user_num,20,C6-Only,2,20,1.0,1.0,1.0,1.0,120,0.7,0.7243055555555555,0.000694444444444442,0.0,0.0,0.0,0.0,0.0,0.0,0.0,0.0,397.0530164490741,17.919659819444433,0.0,0.0,0.0,0.0,0.0,0.0,0.3465277777777778,0.004861111111111149,1309970.0729050892,132823.16262151278,1819.4028790348461,184.4766147521011,0.0,0.0,0.0,0.0,0.0,0.0,0.6534722222222222,0.004861111111111094,0.061111111111111116,0.004166666666666669,0.06736111111111112,0.002083333333333333,0.07569444444444444,0.0034722222222222238,0.1423611111111111,0.0034722222222222238
stress_scan,user_num,20,Lyapunov-Greedy,2,20,1.0,1.0,1.0,1.0,120,0.7,1.0,0.0,0.0,0.0,0.0,0.0,0.0,0.0,0.0,0.0,519.5098718425925,0.13881574999999202,0.0,0.0,0.0,0.0,0.0,0.0,0.0,0.0,0.19439999999999988,0.0,0.00026999999999999984,0.0,0.0,0.0,0.0,0.0,0.0,0.0,1.0,0.0,0.0,0.0,0.0,0.0,0.0,0.0,0.0,0.0
stress_scan,user_num,20,Non-MEC,2,20,1.0,1.0,1.0,1.0,120,0.7,1.0,0.0,0.0,0.0,0.0,0.0,0.0,0.0,0.0,0.0,519.5098718425925,0.13881574999999202,0.0,0.0,0.0,0.0,0.0,0.0,0.0,0.0,0.19439999999999988,0.0,0.00026999999999999984,0.0,0.0,0.0,0.0,0.0,0.0,0.0,1.0,0.0,0.0,0.0,0.0,0.0,0.0,0.0,0.0,0.0
stress_scan,user_num,20,Stand-alone MEC,2,20,1.0,1.0,1.0,1.0,120,0.7,0.39999999999999997,0.0,0.0,0.0,0.0,0.0,0.0,0.0,0.0,0.0,399.99999999999994,0.0,0.0,0.0,0.0,0.0,0.0,0.0,1.0,0.0,1940326.1382906572,23959.92834210093,2694.8974142925795,33.27767825291812,0.0,0.0,0.0,0.0,0.0,0.0,0.0,0.0,0.0,0.0,0.0,0.0,0.6,0.0,0.4,0.0
stress_scan,user_num,20,Random,2,20,1.0,1.0,1.0,1.0,120,0.7,0.6527777777777777,0.005555555555555536,0.0,0.0,0.0,0.0,0.0,0.0,0.0,0.0,879.5940114745371,91.2108678310185,0.0,0.0,0.0,0.0,0.0,0.0,0.504861111111111,0.006249999999999922,920769.1744747537,31990.51120483782,1278.84607565938,44.43126556227469,0.12013888888888889,0.011805555555555555,0.125,0.0069444444444444475,0.12222222222222222,0.004166666666666666,0.12777777777777777,0.002777777777777782,0.12083333333333333,0.001388888888888884,0.11736111111111111,0.017361111111111105,0.13819444444444445,0.0034722222222222238,0.1284722222222222,0.01319444444444444
stress_scan,user_num,25,Full,2,25,1.0,1.0,1.0,1.0,120,0.7,0.7316666666666667,0.009444444444444422,0.0,0.0,0.0,0.0,0.0,0.0,0.0,0.0,390.4798820666666,0.9299038444444534,0.0,0.0,0.0,0.0,0.0,0.0,0.3405555555555555,0.012777777777777749,1384965.842747483,99753.73294232017,1538.8509363860921,110.8374810470225,0.0,0.0,0.0,0.0,0.0,0.0,0.6594444444444445,0.012777777777777832,0.055,0.006111111111111109,0.08277777777777778,0.00722222222222222,0.06333333333333334,0.002222222222222226,0.13944444444444443,0.011666666666666672
stress_scan,user_num,25,IQL,2,25,1.0,1.0,1.0,1.0,120,0.7,0.8133333333333332,0.008888888888889002,0.0,0.0,0.0,0.0,0.0,0.0,0.0,0.0,420.81999343703706,10.601501059259277,0.0,0.0,0.0,0.0,0.0,0.0,0.23611111111111124,0.013888888888888923,731152.2120241306,166522.9865217611,812.3913466934785,185.02554057973458,0.0,0.0,0.0,0.0,0.0,0.0,0.7638888888888888,0.013888888888888895,0.04555555555555556,0.009999999999999998,0.04555555555555556,0.0022222222222222227,0.05444444444444445,0.013333333333333336,0.09055555555555556,0.008333333333333331
stress_scan,user_num,25,No-EVT,2,25,1.0,1.0,1.0,1.0,120,0.7,0.7316666666666667,0.009444444444444422,0.0,0.0,0.0,0.0,0.0,0.0,0.0,0.0,390.4798820666666,0.9299038444444534,0.0,0.0,0.0,0.0,0.0,0.0,0.3405555555555555,0.012777777777777749,1384965.842747483,99753.73294232017,1538.8509363860921,110.8374810470225,0.0,0.0,0.0,0.0,0.0,0.0,0.6594444444444445,0.012777777777777832,0.055,0.006111111111111109,0.08277777777777778,0.00722222222222222,0.06333333333333334,0.002222222222222226,0.13944444444444443,0.011666666666666672
stress_scan,user_num,25,C6-Only,2,25,1.0,1.0,1.0,1.0,120,0.7,0.7316666666666667,0.009444444444444422,0.0,0.0,0.0,0.0,0.0,0.0,0.0,0.0,390.4798820666666,0.9299038444444534,0.0,0.0,0.0,0.0,0.0,0.0,0.3405555555555555,0.012777777777777749,1384965.842747483,99753.73294232017,1538.8509363860921,110.8374810470225,0.0,0.0,0.0,0.0,0.0,0.0,0.6594444444444445,0.012777777777777832,0.055,0.006111111111111109,0.08277777777777778,0.00722222222222222,0.06333333333333334,0.002222222222222226,0.13944444444444443,0.011666666666666672
stress_scan,user_num,25,Lyapunov-Greedy,2,25,1.0,1.0,1.0,1.0,120,0.7,1.0,0.0,0.0,0.0,0.0,0.0,0.0,0.0,0.0,0.0,519.6004484407406,0.5163094037037013,0.0,0.0,0.0,0.0,0.0,0.0,0.0,0.0,0.24300000000000016,0.0,0.00027000000000000017,0.0,0.0,0.0,0.0,0.0,0.0,0.0,1.0,0.0,0.0,0.0,0.0,0.0,0.0,0.0,0.0,0.0
stress_scan,user_num,25,Non-MEC,2,25,1.0,1.0,1.0,1.0,120,0.7,1.0,0.0,0.0,0.0,0.0,0.0,0.0,0.0,0.0,0.0,519.6004484407406,0.5163094037037013,0.0,0.0,0.0,0.0,0.0,0.0,0.0,0.0,0.24300000000000016,0.0,0.00027000000000000017,0.0,0.0,0.0,0.0,0.0,0.0,0.0,1.0,0.0,0.0,0.0,0.0,0.0,0.0,0.0,0.0,0.0
stress_scan,user_num,25,Stand-alone MEC,2,25,1.0,1.0,1.0,1.0,120,0.7,0.06222222222222223,0.0011111111111111113,0.0,0.0,0.0,0.0,0.0,0.0,0.0,0.0,62.22222222222223,1.1111111111111143,0.0,0.0,0.0,0.0,0.0,0.0,1.0,0.0,970594.3878411916,144.51782278018072,1078.438208712435,0.1605753586446781,0.0,0.0,0.0,0.0,0.0,0.0,0.0,0.0,0.0,0.0,0.0,0.0,0.9377777777777778,0.0011111111111111183,0.06222222222222222,0.0011111111111111148
stress_scan,user_num,25,Random,2,25,1.0,1.0,1.0,1.0,120,0.7,0.5211111111111111,0.005555555555555536,0.0,0.0,0.0,0.0,0.0,0.0,0.0,0.0,744.936714912963,67.97765669074073,0.0,0.0,0.0,0.0,0.0,0.0,0.5077777777777778,0.0011111111111111738,491531.8402022094,17855.39225090036,546.146489113566,19.839324723222603,0.12166666666666667,0.003888888888888893,0.12111111111111111,0.004444444444444445,0.13055555555555556,0.008333333333333338,0.11888888888888888,0.0011111111111111113,0.12333333333333332,0.0011111111111111113,0.12833333333333333,0.006111111111111116,0.1411111111111111,0.013333333333333336,0.11499999999999999,0.0049999999999999975
stress_scan,user_num,30,Full,2,30,1.0,1.0,1.0,1.0,120,0.7,0.7152777777777779,0.005092592592592704,0.0,0.0,0.0,0.0,0.0,0.0,0.0,0.0,389.9886060895061,18.016248589506205,0.0,0.0,0.0,0.0,0.0,0.0,0.3574074074074074,0.011111111111111155,1054521.1896744224,232899.0581843013,976.4085089577984,215.6472760965753,0.0,0.0,0.0,0.0,0.0,0.0,0.6425925925925926,0.011111111111111072,0.06574074074074074,0.002777777777777782,0.07731481481481481,0.011574074074074077,0.07268518518518519,0.0032407407407407385,0.14166666666666666,0.0009259259259259273
stress_scan,user_num,30,IQL,2,30,1.0,1.0,1.0,1.0,120,0.7,0.7837962962962963,0.0032407407407407662,0.0,0.0,0.0,0.0,0.0,0.0,0.0,0.0,416.2493356481481,2.9681734938272086,0.0,0.0,0.0,0.0,0.0,0.0,0.2675925925925926,0.0,845576.5078881206,126828.74562204938,782.9412110075191,117.43402372411975,0.0,0.0,0.0,0.0,0.0,0.0,0.7324074074074074,0.0,0.05277777777777778,0.002777777777777775,0.058333333333333334,0.008333333333333331,0.05694444444444444,0.006944444444444441,0.09953703703703703,0.001388888888888891
stress_scan,user_num,30,No-EVT,2,30,1.0,1.0,1.0,1.0,120,0.7,0.7152777777777779,0.005092592592592704,0.0,0.0,0.0,0.0,0.0,0.0,0.0,0.0,389.9886060895061,18.016248589506205,0.0,0.0,0.0,0.0,0.0,0.0,0.3574074074074074,0.011111111111111155,1054521.1896744224,232899.0581843013,976.4085089577984,215.6472760965753,0.0,0.0,0.0,0.0,0.0,0.0,0.6425925925925926,0.011111111111111072,0.06574074074074074,0.002777777777777782,0.07731481481481481,0.011574074074074077,0.07268518518518519,0.0032407407407407385,0.14166666666666666,0.0009259259259259273
stress_scan,user_num,30,C6-Only,2,30,1.0,1.0,1.0,1.0,120,0.7,0.7152777777777779,0.005092592592592704,0.0,0.0,0.0,0.0,0.0,0.0,0.0,0.0,389.9886060895061,18.016248589506205,0.0,0.0,0.0,0.0,0.0,0.0,0.3574074074074074,0.011111111111111155,1054521.1896744224,232899.0581843013,976.4085089577984,215.6472760965753,0.0,0.0,0.0,0.0,0.0,0.0,0.6425925925925926,0.011111111111111072,0.06574074074074074,0.002777777777777782,0.07731481481481481,0.011574074074074077,0.07268518518518519,0.0032407407407407385,0.14166666666666666,0.0009259259259259273
stress_scan,user_num,30,Lyapunov-Greedy,2,30,1.0,1.0,1.0,1.0,120,0.7,1.0,0.0,0.0,0.0,0.0,0.0,0.0,0.0,0.0,0.0,519.3513469290124,0.14811958333331177,0.0,0.0,0.0,0.0,0.0,0.0,0.0,0.0,0.2915999999999999,0.0,0.0002699999999999999,0.0,0.0,0.0,0.0,0.0,0.0,0.0,1.0,0.0,0.0,0.0,0.0,0.0,0.0,0.0,0.0,0.0
stress_scan,user_num,30,Non-MEC,2,30,1.0,1.0,1.0,1.0,120,0.7,1.0,0.0,0.0,0.0,0.0,0.0,0.0,0.0,0.0,0.0,519.3513469290124,0.14811958333331177,0.0,0.0,0.0,0.0,0.0,0.0,0.0,0.0,0.2915999999999999,0.0,0.0002699999999999999,0.0,0.0,0.0,0.0,0.0,0.0,0.0,1.0,0.0,0.0,0.0,0.0,0.0,0.0,0.0,0.0,0.0
stress_scan,user_num,30,Stand-alone MEC,2,30,1.0,1.0,1.0,1.0,120,0.7,0.1837962962962963,0.00046296296296297057,0.0,0.0,0.0,0.0,0.0,0.0,0.0,0.0,0.03244955993610668,1.4275506199316196e-05,0.0,0.0,0.0,0.0,0.0,0.0,1.0,0.0,720057.7324519258,370.19419477222254,666.720122640672,0.34277240256687946,0.0,0.0,0.0,0.0,0.0,0.0,0.0,0.0,0.0,0.0,0.0,0.0,0.8148148148148149,0.0009259259259259411,0.18518518518518517,0.0009259259259259273
stress_scan,user_num,30,Random,2,30,1.0,1.0,1.0,1.0,120,0.7,0.4842592592592593,0.006481481481481505,0.0,0.0,0.0,0.0,0.0,0.0,0.0,0.0,718.5222702870371,29.4690434290124,0.0,0.0,0.0,0.0,0.0,0.0,0.5157407407407408,0.0064814814814816435,372108.8855237423,4390.397438710992,344.54526437383544,4.065182813621277,0.12222222222222222,0.00555555555555555,0.12731481481481483,0.004166666666666666,0.11712962962962963,0.008796296296296288,0.1175925925925926,0.007407407407407404,0.13101851851851853,0.0013888888888888978,0.1310185185185185,0.006944444444444441,0.12916666666666665,0.008796296296296295,0.12453703703703703,0.0032407407407407385
stress_scan,user_num,35,Full,2,35,1.0,1.0,1.0,1.0,120,0.7,0.7115079365079364,0.0003968253968253399,0.0,0.0,0.0,0.0,0.0,0.0,0.0,0.0,402.6723768624339,17.35962170899475,0.0,0.0,0.0,0.0,0.0,0.0,0.35436507936507944,0.001190476190476214,870188.65814564,18571.678823608847,690.6259191632064,14.739427637784786,0.0,0.0,0.0,0.0,0.0,0.0,0.6456349206349207,0.0011904761904761862,0.06944444444444445,0.0003968253968253954,0.07777777777777778,0.0015873015873015817,0.06785714285714287,0.001984126984126984,0.1392857142857143,0.005158730158730154
stress_scan,user_num,35,IQL,2,35,1.0,1.0,1.0,1.0,120,0.7,0.784126984126984,0.007142857142857173,0.0,0.0,0.0,0.0,0.0,0.0,0.0,0.0,429.00537228306877,9.115996748677219,0.0,0.0,0.0,0.0,0.0,0.0,0.26150793650793647,0.00674603174603175,713310.494877022,140007.45455295983,566.1194403785888,111.11702742298402,0.0,0.0,0.0,0.0,0.0,0.0,0.7384920634920635,0.006746031746031778,0.050793650793650794,0.0007936507936507908,0.0626984126984127,0.007142857142857145,0.04722222222222222,0.005952380952380952,0.1007936507936508,0.004761904761904759
stress_scan,user_num,35,No-EVT,2,35,1.0,1.0,1.0,1.0,120,0.7,0.7115079365079364,0.0003968253968253399,0.0,0.0,0.0,0.0,0.0,0.0,0.0,0.0,402.6723768624339,17.35962170899475,0.0,0.0,0.0,0.0,0.0,0.0,0.35436507936507944,0.001190476190476214,870188.65814564,18571.678823608847,690.6259191632064,14.739427637784786,0.0,0.0,0.0,0.0,0.0,0.0,0.6456349206349207,0.0011904761904761862,0.06944444444444445,0.0003968253968253954,0.07777777777777778,0.0015873015873015817,0.06785714285714287,0.001984126984126984,0.1392857142857143,0.005158730158730154
stress_scan,user_num,35,C6-Only,2,35,1.0,1.0,1.0,1.0,120,0.7,0.7115079365079364,0.0003968253968253399,0.0,0.0,0.0,0.0,0.0,0.0,0.0,0.0,402.6723768624339,17.35962170899475,0.0,0.0,0.0,0.0,0.0,0.0,0.35436507936507944,0.001190476190476214,870188.65814564,18571.678823608847,690.6259191632064,14.739427637784786,0.0,0.0,0.0,0.0,0.0,0.0,0.6456349206349207,0.0011904761904761862,0.06944444444444445,0.0003968253968253954,0.07777777777777778,0.0015873015873015817,0.06785714285714287,0.001984126984126984,0.1392857142857143,0.005158730158730154
stress_scan,user_num,35,Lyapunov-Greedy,2,35,1.0,1.0,1.0,1.0,120,0.7,1.0,0.0,0.0,0.0,0.0,0.0,0.0,0.0,0.0,0.0,519.0515256216931,0.34716633068779856,0.0,0.0,0.0,0.0,0.0,0.0,0.0,0.0,0.34019999999999995,0.0,0.00026999999999999995,0.0,0.0,0.0,0.0,0.0,0.0,0.0,1.0,0.0,0.0,0.0,0.0,0.0,0.0,0.0,0.0,0.0
stress_scan,user_num,35,Non-MEC,2,35,1.0,1.0,1.0,1.0,120,0.7,1.0,0.0,0.0,0.0,0.0,0.0,0.0,0.0,0.0,0.0,519.0515256216931,0.34716633068779856,0.0,0.0,0.0,0.0,0.0,0.0,0.0,0.0,0.34019999999999995,0.0,0.00026999999999999995,0.0,0.0,0.0,0.0,0.0,0.0,0.0,1.0,0.0,0.0,0.0,0.0,0.0,0.0,0.0,0.0,0.0
stress_scan,user_num,35,Stand-alone MEC,2,35,1.0,1.0,1.0,1.0,120,0.7,0.2,0.0,0.0,0.0,0.0,0.0,0.0,0.0,0.0,0.0,0.1376659227994143,0.00022292872719990864,0.0,0.0,0.0,0.0,0.0,0.0,1.0,0.0,617649.0462788749,74.13349321560236,490.19765577688474,0.05883610572666953,0.0,0.0,0.0,0.0,0.0,0.0,0.0,0.0,0.0,0.0,0.0,0.0,0.8,0.0,0.2,0.0
stress_scan,user_num,35,Random,2,35,1.0,1.0,1.0,1.0,120,0.7,0.5063492063492064,0.00952380952380949,0.0,0.0,0.0,0.0,0.0,0.0,0.0,0.0,746.9872915907124,7.364057367480598,0.0,0.0,0.0,0.0,0.0,0.0,0.5059523809523808,0.0035714285714285587,313402.88354735065,6651.998085226776,248.73244725980214,5.279363559703782,0.12777777777777777,0.005555555555555557,0.125,0.0035714285714285657,0.11547619047619048,0.00436507936507937,0.1257936507936508,0.0011904761904761862,0.12023809523809523,0.0011904761904761932,0.13690476190476192,0.006746031746031736,0.12301587301587301,0.00555555555555555,0.1257936507936508,0.009920634920634913
stress_scan,user_num,40,Full,2,40,1.0,1.0,1.0,1.0,120,0.7,0.6989583333333333,0.0017361111111111605,0.0,0.0,0.0,0.0,0.0,0.0,0.0,0.0,411.98581668749995,8.990707719907448,0.0,0.0,0.0,0.0,0.0,0.0,0.36006944444444444,0.0017361111111110494,620045.2682212787,61997.46120402921,430.5869918203324,43.053792502798075,0.0,0.0,0.0,0.0,0.0,0.0,0.6399305555555556,0.0017361111111111605,0.07118055555555555,0.002430555555555554,0.07569444444444445,0.0006944444444444489,0.06875,0.005555555555555557,0.14444444444444443,0.00555555555555555
stress_scan,user_num,40,IQL,2,40,1.0,1.0,1.0,1.0,120,0.7,0.773263888888889,0.001736111111111105,0.0,0.0,0.0,0.0,0.0,0.0,0.0,0.0,410.34679706944445,2.7281152499999735,0.0,0.0,0.0,0.0,0.0,0.0,0.26874999999999993,0.0076388888888888895,519537.9027062118,82827.48160148578,360.790210212647,57.51908444547624,0.0,0.0,0.0,0.0,0.0,0.0,0.73125,0.007638888888888917,0.05381944444444445,0.006597222222222223,0.06145833333333334,0.0017361111111111084,0.051041666666666666,0.0010416666666666664,0.10243055555555555,0.0038194444444444448
stress_scan,user_num,40,No-EVT,2,40,1.0,1.0,1.0,1.0,120,0.7,0.6989583333333333,0.0017361111111111605,0.0,0.0,0.0,0.0,0.0,0.0,0.0,0.0,411.98581668749995,8.990707719907448,0.0,0.0,0.0,0.0,0.0,0.0,0.36006944444444444,0.0017361111111110494,620045.2682212787,61997.46120402921,430.5869918203324,43.053792502798075,0.0,0.0,0.0,0.0,0.0,0.0,0.6399305555555556,0.0017361111111111605,0.07118055555555555,0.002430555555555554,0.07569444444444445,0.0006944444444444489,0.06875,0.005555555555555557,0.14444444444444443,0.00555555555555555
stress_scan,user_num,40,C6-Only,2,40,1.0,1.0,1.0,1.0,120,0.7,0.6989583333333333,0.0017361111111111605,0.0,0.0,0.0,0.0,0.0,0.0,0.0,0.0,411.98581668749995,8.990707719907448,0.0,0.0,0.0,0.0,0.0,0.0,0.36006944444444444,0.0017361111111110494,620045.2682212787,61997.46120402921,430.5869918203324,43.053792502798075,0.0,0.0,0.0,0.0,0.0,0.0,0.6399305555555556,0.0017361111111111605,0.07118055555555555,0.002430555555555554,0.07569444444444445,0.0006944444444444489,0.06875,0.005555555555555557,0.14444444444444443,0.00555555555555555
stress_scan,user_num,40,Lyapunov-Greedy,2,40,1.0,1.0,1.0,1.0,120,0.7,1.0,0.0,0.0,0.0,0.0,0.0,0.0,0.0,0.0,0.0,519.4986938796296,0.39466103240749817,0.0,0.0,0.0,0.0,0.0,0.0,0.0,0.0,0.38879999999999965,0.0,0.00026999999999999973,0.0,0.0,0.0,0.0,0.0,0.0,0.0,1.0,0.0,0.0,0.0,0.0,0.0,0.0,0.0,0.0,0.0
stress_scan,user_num,40,Non-MEC,2,40,1.0,1.0,1.0,1.0,120,0.7,1.0,0.0,0.0,0.0,0.0,0.0,0.0,0.0,0.0,0.0,519.4986938796296,0.39466103240749817,0.0,0.0,0.0,0.0,0.0,0.0,0.0,0.0,0.38879999999999965,0.0,0.00026999999999999973,0.0,0.0,0.0,0.0,0.0,0.0,0.0,1.0,0.0,0.0,0.0,0.0,0.0,0.0,0.0,0.0,0.0
stress_scan,user_num,40,Stand-alone MEC,2,40,1.0,1.0,1.0,1.0,120,0.7,0.2,0.0,0.0,0.0,0.0,0.0,0.0,0.0,0.0,0.0,0.24345384364999026,1.86382379716854e-05,0.0,0.0,0.0,0.0,0.0,0.0,1.0,0.0,540076.7679363235,83.32440607389435,375.0533110668913,0.05786417088464191,0.0,0.0,0.0,0.0,0.0,0.0,0.0,0.0,0.0,0.0,0.0,0.0,0.8,0.0,0.2,0.0
stress_scan,user_num,40,Random,2,40,1.0,1.0,1.0,1.0,120,0.7,0.5677083333333334,0.010763888888888906,0.0,0.0,0.0,0.0,0.0,0.0,0.0,0.0,761.3577916313694,22.078023869815297,0.0,0.0,0.0,0.0,0.0,0.0,0.5055555555555555,0.002083333333333326,272618.7429107487,1787.748960224184,189.31857146579773,1.2414923334890204,0.12465277777777778,0.0065972222222222265,0.12152777777777778,0.0,0.12465277777777778,0.003124999999999996,0.12361111111111112,0.0076388888888888895,0.11631944444444445,0.00659722222222222,0.1375,0.0034722222222222238,0.11666666666666667,0.0076388888888888895,0.13506944444444444,0.015624999999999993
