experiment,scenario,value,policy,seed,user_num,load_scale,bw_scale,f_scale,tmax_scale,episodes,warmup_ratio,p_c5_viol,p_c6_viol,p_c6_exceed_ratio,p_c7_viol,p_c8_viol,mean_c5_excess_ratio,mean_overflow_prob,mean_m1_excess_cond,mean_m2_excess_cond,mean_offload_ratio,total_energy,avg_energy_per_slot_user,action_0_ratio,action_1_ratio,action_2_ratio,action_3_ratio,action_4_ratio,action_5_ratio,action_6_ratio,action_7_ratio
stress_scan,load_scale,0.5,Full,1,15,0.5,1.0,1.0,1.0,500,0.7,0.9631111111111111,0.0,0.0,0.0,0.0,257.80595976740744,0.0,0.0,0.0,0.04888888888888888,573789.3574034661,255.01749217931828,0.0,0.0,0.0,0.9511111111111111,0.008444444444444444,0.011111111111111112,0.006666666666666667,0.02266666666666667
stress_scan,load_scale,0.5,Full,2,15,0.5,1.0,1.0,1.0,500,0.7,0.950222222222222,0.0,0.0,0.0,0.0,257.60683626814813,0.0,0.0,0.0,0.06533333333333331,1122008.422495666,498.67040999807375,0.0,0.0,0.0,0.9346666666666666,0.012,0.016,0.011111111111111112,0.026222222222222223
stress_scan,load_scale,0.5,IQL,1,15,0.5,1.0,1.0,1.0,500,0.7,0.9631111111111113,0.0,0.0,0.0,0.0,260.66180224000004,0.0,0.0,0.0,0.04933333333333333,429631.6236781982,190.94738830142143,0.0,0.0,0.0,0.9506666666666667,0.010222222222222223,0.009333333333333334,0.006222222222222222,0.023555555555555555
stress_scan,load_scale,0.5,IQL,2,15,0.5,1.0,1.0,1.0,500,0.7,0.9506666666666667,0.0,0.0,0.0,0.0,258.0293400977777,0.0,0.0,0.0,0.06355555555555553,620801.2662651715,275.91167389563174,0.0,0.0,0.0,0.9364444444444444,0.012,0.014222222222222223,0.010222222222222223,0.02711111111111111
stress_scan,load_scale,0.5,No-EVT,1,15,0.5,1.0,1.0,1.0,500,0.7,0.9631111111111111,0.0,0.0,0.0,0.0,257.80595976740744,0.0,0.0,0.0,0.04888888888888888,573789.3574034661,255.01749217931828,0.0,0.0,0.0,0.9511111111111111,0.008444444444444444,0.011111111111111112,0.006666666666666667,0.02266666666666667
stress_scan,load_scale,0.5,No-EVT,2,15,0.5,1.0,1.0,1.0,500,0.7,0.950222222222222,0.0,0.0,0.0,0.0,257.60683626814813,0.0,0.0,0.0,0.06533333333333331,1122008.422495666,498.67040999807375,0.0,0.0,0.0,0.9346666666666666,0.012,0.016,0.011111111111111112,0.026222222222222223
stress_scan,load_scale,0.5,C6-Only,1,15,0.5,1.0,1.0,1.0,500,0.7,0.9631111111111111,0.0,0.0,0.0,0.0,257.80595976740744,0.0,0.0,0.0,0.04888888888888888,573789.3574034661,255.01749217931828,0.0,0.0,0.0,0.9511111111111111,0.008444444444444444,0.011111111111111112,0.006666666666666667,0.02266666666666667
stress_scan,load_scale,0.5,C6-Only,2,15,0.5,1.0,1.0,1.0,500,0.7,0.950222222222222,0.0,0.0,0.0,0.0,257.60683626814813,0.0,0.0,0.0,0.06533333333333331,1122008.422495666,498.67040999807375,0.0,0.0,0.0,0.9346666666666666,0.012,0.016,0.011111111111111112,0.026222222222222223
stress_scan,load_scale,0.5,Lyapunov-Greedy,1,15,0.5,1.0,1.0,1.0,500,0.7,1.0,0.0,0.0,0.0,0.0,259.5526404799999,0.0,0.0,0.0,0.0,0.6074999999999998,0.0002699999999999999,0.0,0.0,0.0,1.0,0.0,0.0,0.0,0.0
stress_scan,load_scale,0.5,Lyapunov-Greedy,2,15,0.5,1.0,1.0,1.0,500,0.7,1.0,0.0,0.0,0.0,0.0,259.1677468148148,0.0,0.0,0.0,0.0,0.6074999999999998,0.0002699999999999999,0.0,0.0,0.0,1.0,0.0,0.0,0.0,0.0
stress_scan,load_scale,0.5,Non-MEC,1,15,0.5,1.0,1.0,1.0,500,0.7,1.0,0.0,0.0,0.0,0.0,259.5526404799999,0.0,0.0,0.0,0.0,0.6074999999999998,0.0002699999999999999,0.0,0.0,0.0,1.0,0.0,0.0,0.0,0.0
stress_scan,load_scale,0.5,Non-MEC,2,15,0.5,1.0,1.0,1.0,500,0.7,1.0,0.0,0.0,0.0,0.0,259.1677468148148,0.0,0.0,0.0,0.0,0.6074999999999998,0.0002699999999999999,0.0,0.0,0.0,1.0,0.0,0.0,0.0,0.0
stress_scan,load_scale,0.5,Stand-alone MEC,1,15,0.5,1.0,1.0,1.0,500,0.7,0.5,0.0,0.0,0.0,0.0,500.0,0.0,0.0,0.0,1.0,1498649.7397535965,666.0665510015984,0.0,0.0,0.0,0.0,0.0,0.0,0.5,0.5
stress_scan,load_scale,0.5,Stand-alone MEC,2,15,0.5,1.0,1.0,1.0,500,0.7,0.5,0.0,0.0,0.0,0.0,500.0,0.0,0.0,0.0,1.0,1501689.7333144706,667.4176592508759,0.0,0.0,0.0,0.0,0.0,0.0,0.5,0.5
stress_scan,load_scale,0.5,Random,1,15,0.5,1.0,1.0,1.0,500,0.7,0.7435555555555557,0.0,0.0,0.0,0.0,607.9637787925926,0.0,0.0,0.0,0.514222222222222,3384384.6870418116,1504.170972018583,0.11777777777777777,0.11866666666666667,0.12044444444444445,0.1288888888888889,0.12088888888888889,0.13555555555555557,0.13733333333333334,0.12044444444444445
stress_scan,load_scale,0.5,Random,2,15,0.5,1.0,1.0,1.0,500,0.7,0.748,0.0,0.0,0.0,0.0,615.7629673755556,0.0,0.0,0.0,0.5053333333333332,3263429.3719409346,1450.413054195971,0.128,0.11466666666666667,0.12355555555555556,0.12844444444444444,0.12311111111111112,0.12977777777777777,0.12577777777777777,0.12666666666666668
stress_scan,load_scale,1.0,Full,1,15,1.0,1.0,1.0,1.0,500,0.7,0.963111111111111,0.0,0.0,0.0,0.0,505.0355651259259,0.0,0.0,0.0,0.047555555555555566,1925637.4082877436,855.8388481278861,0.0,0.0,0.0,0.9524444444444444,0.008444444444444444,0.010666666666666666,0.007555555555555556,0.020888888888888887
stress_scan,load_scale,1.0,Full,2,15,1.0,1.0,1.0,1.0,500,0.7,0.9462222222222222,0.0,0.0,0.0,0.0,502.3319461718518,0.0,0.0,0.0,0.06622222222222218,1522914.0185227317,676.8506748989919,0.0,0.0,0.0,0.9337777777777778,0.013777777777777778,0.017333333333333333,0.011111111111111112,0.024
stress_scan,load_scale,1.0,IQL,1,15,1.0,1.0,1.0,1.0,500,0.7,0.961777777777778,0.0,0.0,0.0,0.0,506.373603357037,0.0,0.0,0.0,0.048,662747.3430787431,294.5543747016636,0.0,0.0,0.0,0.952,0.008888888888888889,0.011111111111111112,0.0071111111111111115,0.020888888888888887
stress_scan,load_scale,1.0,IQL,2,15,1.0,1.0,1.0,1.0,500,0.7,0.9502222222222222,0.0,0.0,0.0,0.0,502.0482078903704,0.0,0.0,0.0,0.06355555555555553,1303426.134422347,579.3005041877097,0.0,0.0,0.0,0.9364444444444444,0.011111111111111112,0.015111111111111112,0.011555555555555555,0.025777777777777778
stress_scan,load_scale,1.0,No-EVT,1,15,1.0,1.0,1.0,1.0,500,0.7,0.963111111111111,0.0,0.0,0.0,0.0,505.0355651259259,0.0,0.0,0.0,0.047555555555555566,1925637.4082877436,855.8388481278861,0.0,0.0,0.0,0.9524444444444444,0.008444444444444444,0.010666666666666666,0.007555555555555556,0.020888888888888887
stress_scan,load_scale,1.0,No-EVT,2,15,1.0,1.0,1.0,1.0,500,0.7,0.9462222222222222,0.0,0.0,0.0,0.0,502.3319461718518,0.0,0.0,0.0,0.06622222222222218,1522914.0185227317,676.8506748989919,0.0,0.0,0.0,0.9337777777777778,0.013777777777777778,0.017333333333333333,0.011111111111111112,0.024
stress_scan,load_scale,1.0,C6-Only,1,15,1.0,1.0,1.0,1.0,500,0.7,0.963111111111111,0.0,0.0,0.0,0.0,505.0355651259259,0.0,0.0,0.0,0.047555555555555566,1925637.4082877436,855.8388481278861,0.0,0.0,0.0,0.9524444444444444,0.008444444444444444,0.010666666666666666,0.007555555555555556,0.020888888888888887
stress_scan,load_scale,1.0,C6-Only,2,15,1.0,1.0,1.0,1.0,500,0.7,0.9462222222222222,0.0,0.0,0.0,0.0,502.3319461718518,0.0,0.0,0.0,0.06622222222222218,1522914.0185227317,676.8506748989919,0.0,0.0,0.0,0.9337777777777778,0.013777777777777778,0.017333333333333333,0.011111111111111112,0.024
stress_scan,load_scale,1.0,Lyapunov-Greedy,1,15,1.0,1.0,1.0,1.0,500,0.7,1.0,0.0,0.0,0.0,0.0,520.1052809599998,0.0,0.0,0.0,0.0,0.6074999999999998,0.0002699999999999999,0.0,0.0,0.0,1.0,0.0,0.0,0.0,0.0
stress_scan,load_scale,1.0,Lyapunov-Greedy,2,15,1.0,1.0,1.0,1.0,500,0.7,1.0,0.0,0.0,0.0,0.0,519.3354936296296,0.0,0.0,0.0,0.0,0.6074999999999998,0.0002699999999999999,0.0,0.0,0.0,1.0,0.0,0.0,0.0,0.0
stress_scan,load_scale,1.0,Non-MEC,1,15,1.0,1.0,1.0,1.0,500,0.7,1.0,0.0,0.0,0.0,0.0,520.1052809599998,0.0,0.0,0.0,0.0,0.6074999999999998,0.0002699999999999999,0.0,0.0,0.0,1.0,0.0,0.0,0.0,0.0
stress_scan,load_scale,1.0,Non-MEC,2,15,1.0,1.0,1.0,1.0,500,0.7,1.0,0.0,0.0,0.0,0.0,519.3354936296296,0.0,0.0,0.0,0.0,0.6074999999999998,0.0002699999999999999,0.0,0.0,0.0,1.0,0.0,0.0,0.0,0.0
stress_scan,load_scale,1.0,Stand-alone MEC,1,15,1.0,1.0,1.0,1.0,500,0.7,0.5,0.0,0.0,0.0,0.0,500.0,0.0,0.0,0.0,1.0,11295375.73926538,5020.166995229058,0.0,0.0,0.0,0.0,0.0,0.0,0.5,0.5
stress_scan,load_scale,1.0,Stand-alone MEC,2,15,1.0,1.0,1.0,1.0,500,0.7,0.5,0.0,0.0,0.0,0.0,500.0,0.0,0.0,0.0,1.0,11323823.740460912,5032.810551315961,0.0,0.0,0.0,0.0,0.0,0.0,0.5,0.5
stress_scan,load_scale,1.0,Random,1,15,1.0,1.0,1.0,1.0,500,0.7,0.7288888888888889,0.0,0.0,0.0,0.0,943.9688909185184,0.0,0.0,0.0,0.514222222222222,6714158.426213162,2984.0704116502943,0.11777777777777777,0.11866666666666667,0.12044444444444445,0.1288888888888889,0.12088888888888889,0.13555555555555557,0.13733333333333334,0.12044444444444445
stress_scan,load_scale,1.0,Random,2,15,1.0,1.0,1.0,1.0,500,0.7,0.7324444444444445,0.0,0.0,0.0,0.0,963.131712528889,0.0,0.0,0.0,0.5053333333333332,6390672.621031594,2840.2989426807085,0.128,0.11466666666666667,0.12355555555555556,0.12844444444444444,0.12311111111111112,0.12977777777777777,0.12577777777777777,0.12666666666666668
stress_scan,load_scale,1.5,Full,1,15,1.5,1.0,1.0,1.0,500,0.7,0.9626666666666668,0.06666666666666667,0.06666666666666667,0.0,0.0,749.0942996400001,0.06666666666666667,190331.42480935727,634837651656.2148,0.04844444444444446,2147799.820745657,954.577698109181,0.0,0.0,0.0,0.9515555555555556,0.007555555555555556,0.009777777777777778,0.009333333333333334,0.021777777777777778
stress_scan,load_scale,1.5,Full,2,15,1.5,1.0,1.0,1.0,500,0.7,0.9466666666666667,0.14,0.2,0.0,0.0,741.0644654755558,0.14,372130.3175558632,725765945634.9579,0.06666666666666664,2899976.9758648584,1288.878655939937,0.0,0.0,0.0,0.9333333333333333,0.014222222222222223,0.015555555555555555,0.009777777777777778,0.02711111111111111
stress_scan,load_scale,1.5,IQL,1,15,1.5,1.0,1.0,1.0,500,0.7,0.9622222222222222,0.0,0.0,0.0,0.0,749.4270251377778,0.0,0.0,0.0,0.04799999999999999,1190160.569017986,528.9602528968827,0.0,0.0,0.0,0.952,0.008,0.012,0.007555555555555556,0.020444444444444446
stress_scan,load_scale,1.5,IQL,2,15,1.5,1.0,1.0,1.0,500,0.7,0.9471111111111111,0.0,0.0,0.0,0.0,742.441892528889,0.0,0.0,0.0,0.06399999999999997,2442823.554167948,1085.699357407977,0.0,0.0,0.0,0.936,0.013333333333333334,0.013777777777777778,0.011111111111111112,0.025777777777777778
stress_scan,load_scale,1.5,No-EVT,1,15,1.5,1.0,1.0,1.0,500,0.7,0.9626666666666668,0.06666666666666667,0.06666666666666667,0.0,0.0,749.0942996400001,0.06666666666666667,190331.42480935727,634837651656.2148,0.04844444444444446,2147799.820745657,954.577698109181,0.0,0.0,0.0,0.9515555555555556,0.007555555555555556,0.009777777777777778,0.009333333333333334,0.021777777777777778
stress_scan,load_scale,1.5,No-EVT,2,15,1.5,1.0,1.0,1.0,500,0.7,0.9466666666666667,0.14,0.2,0.0,0.0,741.0644654755558,0.14,372130.3175558632,725765945634.9579,0.06666666666666664,2899976.9758648584,1288.878655939937,0.0,0.0,0.0,0.9333333333333333,0.014222222222222223,0.015555555555555555,0.009777777777777778,0.02711111111111111
stress_scan,load_scale,1.5,C6-Only,1,15,1.5,1.0,1.0,1.0,500,0.7,0.9626666666666668,0.06666666666666667,0.06666666666666667,0.0,0.0,749.0942996400001,0.06666666666666667,190331.42480935727,634837651656.2148,0.04844444444444446,2147799.820745657,954.577698109181,0.0,0.0,0.0,0.9515555555555556,0.007555555555555556,0.009777777777777778,0.009333333333333334,0.021777777777777778
stress_scan,load_scale,1.5,C6-Only,2,15,1.5,1.0,1.0,1.0,500,0.7,0.9466666666666667,0.14,0.2,0.0,0.0,741.0644654755558,0.14,372130.3175558632,725765945634.9579,0.06666666666666664,2899976.9758648584,1288.878655939937,0.0,0.0,0.0,0.9333333333333333,0.014222222222222223,0.015555555555555555,0.009777777777777778,0.02711111111111111
stress_scan,load_scale,1.5,Lyapunov-Greedy,1,15,1.5,1.0,1.0,1.0,500,0.7,1.0,0.0,0.0,0.0,0.0,780.6579214400003,0.0,0.0,0.0,0.0,0.6074999999999998,0.0002699999999999999,0.0,0.0,0.0,1.0,0.0,0.0,0.0,0.0
stress_scan,load_scale,1.5,Lyapunov-Greedy,2,15,1.5,1.0,1.0,1.0,500,0.7,1.0,0.0,0.0,0.0,0.0,779.5032404444445,0.0,0.0,0.0,0.0,0.6074999999999998,0.0002699999999999999,0.0,0.0,0.0,1.0,0.0,0.0,0.0,0.0
stress_scan,load_scale,1.5,Non-MEC,1,15,1.5,1.0,1.0,1.0,500,0.7,1.0,0.0,0.0,0.0,0.0,780.6579214400003,0.0,0.0,0.0,0.0,0.6074999999999998,0.0002699999999999999,0.0,0.0,0.0,1.0,0.0,0.0,0.0,0.0
stress_scan,load_scale,1.5,Non-MEC,2,15,1.5,1.0,1.0,1.0,500,0.7,1.0,0.0,0.0,0.0,0.0,779.5032404444445,0.0,0.0,0.0,0.0,0.6074999999999998,0.0002699999999999999,0.0,0.0,0.0,1.0,0.0,0.0,0.0,0.0
stress_scan,load_scale,1.5,Stand-alone MEC,1,15,1.5,1.0,1.0,1.0,500,0.7,0.10577777777777778,0.0,0.0,0.0,0.0,105.77777777777777,0.0,0.0,0.0,1.0,11026937.136837035,4900.860949705349,0.0,0.0,0.0,0.0,0.0,0.0,0.8942222222222223,0.10577777777777778
stress_scan,load_scale,1.5,Stand-alone MEC,2,15,1.5,1.0,1.0,1.0,500,0.7,0.10488888888888888,0.0,0.0,0.0,0.0,104.8888888888889,0.0,0.0,0.0,1.0,10949594.066082392,4866.486251592174,0.0,0.0,0.0,0.0,0.0,0.0,0.8951111111111111,0.10488888888888889
stress_scan,load_scale,1.5,Random,1,15,1.5,1.0,1.0,1.0,500,0.7,0.5422222222222223,0.0,0.0,0.0,0.0,1107.9740030444445,0.0,0.0,0.0,0.514222222222222,6126821.539735362,2723.031795437939,0.11777777777777777,0.11866666666666667,0.12044444444444445,0.1288888888888889,0.12088888888888889,0.13555555555555557,0.13733333333333334,0.12044444444444445
stress_scan,load_scale,1.5,Random,2,15,1.5,1.0,1.0,1.0,500,0.7,0.5417777777777778,0.0,0.0,0.0,0.0,1135.3893465711112,0.0,0.0,0.0,0.5053333333333332,5560447.541935179,2471.3100186378574,0.128,0.11466666666666667,0.12355555555555556,0.12844444444444444,0.12311111111111112,0.12977777777777777,0.12577777777777777,0.12666666666666668
stress_scan,load_scale,2.0,Full,1,15,2.0,1.0,1.0,1.0,500,0.7,0.9608888888888888,0.5822222222222223,0.6,0.4,0.3333333333333333,999.5065784533331,0.5822222222222223,6992697.685637162,110057299184906.94,0.04800000000000002,2401470.1349066426,1067.3200599585077,0.0,0.0,0.0,0.952,0.008444444444444444,0.011111111111111112,0.007555555555555556,0.020888888888888887
stress_scan,load_scale,2.0,Full,2,15,2.0,1.0,1.0,1.0,500,0.7,0.9466666666666668,0.6,0.6,0.4666666666666667,0.4666666666666667,994.1267406281479,0.6,9206329.887006886,178091032967046.2,0.06488888888888884,3114219.742479264,1384.0976633241173,0.0,0.0,0.0,0.9351111111111111,0.013333333333333334,0.016,0.012,0.023555555555555555
stress_scan,load_scale,2.0,IQL,1,15,2.0,1.0,1.0,1.0,500,0.7,0.9626666666666667,0.16088888888888891,0.3333333333333333,0.0,0.0,991.5634891318517,0.16088888888888891,379850.17345024744,675230465518.541,0.04711111111111111,2454585.0190670416,1090.9266751409073,0.0,0.0,0.0,0.9528888888888889,0.011111111111111112,0.009333333333333334,0.0057777777777777775,0.020888888888888887
stress_scan,load_scale,2.0,IQL,2,15,2.0,1.0,1.0,1.0,500,0.7,0.9448888888888889,0.4537777777777778,0.4666666666666667,0.26666666666666666,0.2,983.5083718459257,0.4537777777777778,5559269.203810293,100643691787369.52,0.0653333333333333,2774517.046454967,1233.1186873133186,0.0,0.0,0.0,0.9346666666666666,0.014666666666666666,0.014666666666666666,0.011555555555555555,0.024444444444444446
stress_scan,load_scale,2.0,No-EVT,1,15,2.0,1.0,1.0,1.0,500,0.7,0.9608888888888888,0.5822222222222223,0.6,0.4,0.3333333333333333,999.5065784533331,0.5822222222222223,6992697.685637162,110057299184906.94,0.04800000000000002,2401470.1349066426,1067.3200599585077,0.0,0.0,0.0,0.952,0.008444444444444444,0.011111111111111112,0.007555555555555556,0.020888888888888887
stress_scan,load_scale,2.0,No-EVT,2,15,2.0,1.0,1.0,1.0,500,0.7,0.9466666666666668,0.6,0.6,0.4666666666666667,0.4666666666666667,994.1267406281479,0.6,9206329.887006886,178091032967046.2,0.06488888888888884,3114219.742479264,1384.0976633241173,0.0,0.0,0.0,0.9351111111111111,0.013333333333333334,0.016,0.012,0.023555555555555555
stress_scan,load_scale,2.0,C6-Only,1,15,2.0,1.0,1.0,1.0,500,0.7,0.9608888888888888,0.5822222222222223,0.6,0.4,0.3333333333333333,999.5065784533331,0.5822222222222223,6992697.685637162,110057299184906.94,0.04800000000000002,2401470.1349066426,1067.3200599585077,0.0,0.0,0.0,0.952,0.008444444444444444,0.011111111111111112,0.007555555555555556,0.020888888888888887
stress_scan,load_scale,2.0,C6-Only,2,15,2.0,1.0,1.0,1.0,500,0.7,0.9466666666666668,0.6,0.6,0.4666666666666667,0.4666666666666667,994.1267406281479,0.6,9206329.887006886,178091032967046.2,0.06488888888888884,3114219.742479264,1384.0976633241173,0.0,0.0,0.0,0.9351111111111111,0.013333333333333334,0.016,0.012,0.023555555555555555
stress_scan,load_scale,2.0,Lyapunov-Greedy,1,15,2.0,1.0,1.0,1.0,500,0.7,1.0,0.0,0.0,0.0,0.0,1041.2105619199997,0.0,0.0,0.0,0.0,0.6074999999999998,0.0002699999999999999,0.0,0.0,0.0,1.0,0.0,0.0,0.0,0.0
stress_scan,load_scale,2.0,Lyapunov-Greedy,2,15,2.0,1.0,1.0,1.0,500,0.7,1.0,0.0,0.0,0.0,0.0,1039.670987259259,0.0,0.0,0.0,0.0,0.6074999999999998,0.0002699999999999999,0.0,0.0,0.0,1.0,0.0,0.0,0.0,0.0
stress_scan,load_scale,2.0,Non-MEC,1,15,2.0,1.0,1.0,1.0,500,0.7,1.0,0.0,0.0,0.0,0.0,1041.2105619199997,0.0,0.0,0.0,0.0,0.6074999999999998,0.0002699999999999999,0.0,0.0,0.0,1.0,0.0,0.0,0.0,0.0
stress_scan,load_scale,2.0,Non-MEC,2,15,2.0,1.0,1.0,1.0,500,0.7,1.0,0.0,0.0,0.0,0.0,1039.670987259259,0.0,0.0,0.0,0.0,0.6074999999999998,0.0002699999999999999,0.0,0.0,0.0,1.0,0.0,0.0,0.0,0.0
stress_scan,load_scale,2.0,Stand-alone MEC,1,15,2.0,1.0,1.0,1.0,500,0.7,0.2,0.6,0.6,0.6,0.6,0.7113245476702548,0.6,60035010.45273033,6398756150661017.0,1.0,11992742.563013563,5330.107805783806,0.0,0.0,0.0,0.0,0.0,0.0,0.8,0.2
stress_scan,load_scale,2.0,Stand-alone MEC,2,15,2.0,1.0,1.0,1.0,500,0.7,0.2,0.6,0.6,0.6,0.6,0.7108745408991575,0.6,59989553.119397,6390212725489564.0,1.0,12006871.002757292,5336.387112336574,0.0,0.0,0.0,0.0,0.0,0.0,0.8,0.2
stress_scan,load_scale,2.0,Random,1,15,2.0,1.0,1.0,1.0,500,0.7,0.5942222222222223,0.6,0.6,0.6,0.6,1402.350924003213,0.6,18650069.21646501,681787249574701.2,0.514222222222222,6285622.618414254,2793.6100526285572,0.11777777777777777,0.11866666666666667,0.12044444444444445,0.1288888888888889,0.12088888888888889,0.13555555555555557,0.13733333333333334,0.12044444444444445
stress_scan,load_scale,2.0,Random,2,15,2.0,1.0,1.0,1.0,500,0.7,0.5951111111111111,0.6,0.6,0.6,0.6,1451.3237793841301,0.6,18695716.09097505,687676594321767.6,0.5053333333333332,6084287.983068047,2704.1279924746877,0.128,0.11466666666666667,0.12355555555555556,0.12844444444444444,0.12311111111111112,0.12977777777777777,0.12577777777777777,0.12666666666666668
stress_scan,f_scale,0.4,Full,1,15,1.0,1.0,0.4,1.0,500,0.7,0.9600000000000001,0.048,0.06666666666666667,0.0,0.0,507.9701550492338,0.048,130535.72800154932,298584768351.5748,0.05377777777777781,217420.37064107115,96.63127584047606,0.0,0.0,0.0,0.9462222222222222,0.012,0.011555555555555555,0.006666666666666667,0.023555555555555555
stress_scan,f_scale,0.4,Full,2,15,1.0,1.0,0.4,1.0,500,0.7,0.9524444444444444,0.01111111111111111,0.06666666666666667,0.0,0.0,496.2542401116408,0.01111111111111111,29165.386770695983,14746731734.220833,0.06533333333333331,324483.58566071297,144.2149269603169,0.0,0.0,0.0,0.9346666666666666,0.011555555555555555,0.014222222222222223,0.011111111111111112,0.028444444444444446
stress_scan,f_scale,0.4,IQL,1,15,1.0,1.0,0.4,1.0,500,0.7,0.9595555555555554,0.0,0.0,0.0,0.0,505.82990388262107,0.0,0.0,0.0,0.04933333333333333,133757.77758581814,59.44790114925251,0.0,0.0,0.0,0.9506666666666667,0.009333333333333334,0.009333333333333334,0.008888888888888889,0.021777777777777778
stress_scan,f_scale,0.4,IQL,2,15,1.0,1.0,0.4,1.0,500,0.7,0.9493333333333333,0.0,0.0,0.0,0.0,497.1184925649592,0.0,0.0,0.0,0.06311111111111112,235249.7252497189,104.55543344431952,0.0,0.0,0.0,0.9368888888888889,0.010222222222222223,0.016888888888888887,0.010666666666666666,0.025333333333333333
stress_scan,f_scale,0.4,No-EVT,1,15,1.0,1.0,0.4,1.0,500,0.7,0.9600000000000001,0.048,0.06666666666666667,0.0,0.0,507.9701550492338,0.048,130535.72800154932,298584768351.5748,0.05377777777777781,217420.37064107115,96.63127584047606,0.0,0.0,0.0,0.9462222222222222,0.012,0.011555555555555555,0.006666666666666667,0.023555555555555555
stress_scan,f_scale,0.4,No-EVT,2,15,1.0,1.0,0.4,1.0,500,0.7,0.9524444444444444,0.01111111111111111,0.06666666666666667,0.0,0.0,496.2542401116408,0.01111111111111111,29165.386770695983,14746731734.220833,0.06533333333333331,324483.58566071297,144.2149269603169,0.0,0.0,0.0,0.9346666666666666,0.011555555555555555,0.014222222222222223,0.011111111111111112,0.028444444444444446
stress_scan,f_scale,0.4,C6-Only,1,15,1.0,1.0,0.4,1.0,500,0.7,0.9600000000000001,0.048,0.06666666666666667,0.0,0.0,507.9701550492338,0.048,130535.72800154932,298584768351.5748,0.05377777777777781,217420.37064107115,96.63127584047606,0.0,0.0,0.0,0.9462222222222222,0.012,0.011555555555555555,0.006666666666666667,0.023555555555555555
stress_scan,f_scale,0.4,C6-Only,2,15,1.0,1.0,0.4,1.0,500,0.7,0.9524444444444444,0.01111111111111111,0.06666666666666667,0.0,0.0,496.2542401116408,0.01111111111111111,29165.386770695983,14746731734.220833,0.06533333333333331,324483.58566071297,144.2149269603169,0.0,0.0,0.0,0.9346666666666666,0.011555555555555555,0.014222222222222223,0.011111111111111112,0.028444444444444446
stress_scan,f_scale,0.4,Lyapunov-Greedy,1,15,1.0,1.0,0.4,1.0,500,0.7,1.0,0.0,0.0,0.0,0.0,520.1052809599998,0.0,0.0,0.0,0.0,0.6074999999999998,0.0002699999999999999,0.0,0.0,0.0,1.0,0.0,0.0,0.0,0.0
stress_scan,f_scale,0.4,Lyapunov-Greedy,2,15,1.0,1.0,0.4,1.0,500,0.7,1.0,0.0,0.0,0.0,0.0,519.3354936296296,0.0,0.0,0.0,0.0,0.6074999999999998,0.0002699999999999999,0.0,0.0,0.0,1.0,0.0,0.0,0.0,0.0
stress_scan,f_scale,0.4,Non-MEC,1,15,1.0,1.0,0.4,1.0,500,0.7,1.0,0.0,0.0,0.0,0.0,520.1052809599998,0.0,0.0,0.0,0.0,0.6074999999999998,0.0002699999999999999,0.0,0.0,0.0,1.0,0.0,0.0,0.0,0.0
stress_scan,f_scale,0.4,Non-MEC,2,15,1.0,1.0,0.4,1.0,500,0.7,1.0,0.0,0.0,0.0,0.0,519.3354936296296,0.0,0.0,0.0,0.0,0.6074999999999998,0.0002699999999999999,0.0,0.0,0.0,1.0,0.0,0.0,0.0,0.0
stress_scan,f_scale,0.4,Stand-alone MEC,1,15,1.0,1.0,0.4,1.0,500,0.7,0.45022222222222225,0.6599999999999999,0.8,0.6,0.6,1.6380633324574123,0.6599999999999999,33718704.54266815,1976702462514884.2,1.0,959422.2688230082,426.4098972546703,0.0,0.0,0.0,0.0,0.0,0.0,0.5497777777777778,0.45022222222222225
stress_scan,f_scale,0.4,Stand-alone MEC,2,15,1.0,1.0,0.4,1.0,500,0.7,0.44933333333333336,0.6604444444444444,0.8,0.6,0.6,1.6366678293762678,0.6604444444444444,33698662.78132095,1974322922445187.2,1.0,960552.541806831,426.912240803036,0.0,0.0,0.0,0.0,0.0,0.0,0.5502222222222222,0.4497777777777778
stress_scan,f_scale,0.4,Random,1,15,1.0,1.0,0.4,1.0,500,0.7,0.6884444444444445,0.5271111111111112,0.6,0.4666666666666667,0.2,701.2092591705751,0.5271111111111112,5683733.800436942,79631890677407.11,0.514222222222222,502850.3985509331,223.48906602263693,0.11777777777777777,0.11866666666666667,0.12044444444444445,0.1288888888888889,0.12088888888888889,0.13555555555555557,0.13733333333333334,0.12044444444444445
stress_scan,f_scale,0.4,Random,2,15,1.0,1.0,0.4,1.0,500,0.7,0.6804444444444443,0.5262222222222221,0.6,0.5333333333333333,0.2,725.6468053242777,0.5262222222222221,5822205.9588880455,83702571151575.78,0.5053333333333332,486743.622889423,216.33049906196578,0.128,0.11466666666666667,0.12355555555555556,0.12844444444444444,0.12311111111111112,0.12977777777777777,0.12577777777777777,0.12666666666666668
stress_scan,f_scale,0.6,Full,1,15,1.0,1.0,0.6,1.0,500,0.7,0.9622222222222222,0.0,0.0,0.0,0.0,503.2862093570369,0.0,0.0,0.0,0.04844444444444445,264161.08926409285,117.40492856181905,0.0,0.0,0.0,0.9515555555555556,0.008444444444444444,0.009777777777777778,0.008444444444444444,0.021777777777777778
stress_scan,f_scale,0.6,Full,2,15,1.0,1.0,0.6,1.0,500,0.7,0.9466666666666667,0.0,0.0,0.0,0.0,498.17631031703706,0.0,0.0,0.0,0.06666666666666664,695994.9467323761,309.3310874366116,0.0,0.0,0.0,0.9333333333333333,0.014222222222222223,0.015555555555555555,0.009777777777777778,0.02711111111111111
stress_scan,f_scale,0.6,IQL,1,15,1.0,1.0,0.6,1.0,500,0.7,0.961777777777778,0.0,0.0,0.0,0.0,506.373603357037,0.0,0.0,0.0,0.048,238589.44640388116,106.03975395728051,0.0,0.0,0.0,0.952,0.008888888888888889,0.011111111111111112,0.0071111111111111115,0.020888888888888887
stress_scan,f_scale,0.6,IQL,2,15,1.0,1.0,0.6,1.0,500,0.7,0.9475555555555556,0.0,0.0,0.0,0.0,498.4357111674073,0.0,0.0,0.0,0.06355555555555553,573162.0055822493,254.73866914766634,0.0,0.0,0.0,0.9364444444444444,0.013333333333333334,0.013777777777777778,0.011111111111111112,0.025333333333333333
stress_scan,f_scale,0.6,No-EVT,1,15,1.0,1.0,0.6,1.0,500,0.7,0.9622222222222222,0.0,0.0,0.0,0.0,503.2862093570369,0.0,0.0,0.0,0.04844444444444445,264161.08926409285,117.40492856181905,0.0,0.0,0.0,0.9515555555555556,0.008444444444444444,0.009777777777777778,0.008444444444444444,0.021777777777777778
stress_scan,f_scale,0.6,No-EVT,2,15,1.0,1.0,0.6,1.0,500,0.7,0.9466666666666667,0.0,0.0,0.0,0.0,498.17631031703706,0.0,0.0,0.0,0.06666666666666664,695994.9467323761,309.3310874366116,0.0,0.0,0.0,0.9333333333333333,0.014222222222222223,0.015555555555555555,0.009777777777777778,0.02711111111111111
stress_scan,f_scale,0.6,C6-Only,1,15,1.0,1.0,0.6,1.0,500,0.7,0.9622222222222222,0.0,0.0,0.0,0.0,503.2862093570369,0.0,0.0,0.0,0.04844444444444445,264161.08926409285,117.40492856181905,0.0,0.0,0.0,0.9515555555555556,0.008444444444444444,0.009777777777777778,0.008444444444444444,0.021777777777777778
stress_scan,f_scale,0.6,C6-Only,2,15,1.0,1.0,0.6,1.0,500,0.7,0.9466666666666667,0.0,0.0,0.0,0.0,498.17631031703706,0.0,0.0,0.0,0.06666666666666664,695994.9467323761,309.3310874366116,0.0,0.0,0.0,0.9333333333333333,0.014222222222222223,0.015555555555555555,0.009777777777777778,0.02711111111111111
stress_scan,f_scale,0.6,Lyapunov-Greedy,1,15,1.0,1.0,0.6,1.0,500,0.7,1.0,0.0,0.0,0.0,0.0,520.1052809599998,0.0,0.0,0.0,0.0,0.6074999999999998,0.0002699999999999999,0.0,0.0,0.0,1.0,0.0,0.0,0.0,0.0
stress_scan,f_scale,0.6,Lyapunov-Greedy,2,15,1.0,1.0,0.6,1.0,500,0.7,1.0,0.0,0.0,0.0,0.0,519.3354936296296,0.0,0.0,0.0,0.0,0.6074999999999998,0.0002699999999999999,0.0,0.0,0.0,1.0,0.0,0.0,0.0,0.0
stress_scan,f_scale,0.6,Non-MEC,1,15,1.0,1.0,0.6,1.0,500,0.7,1.0,0.0,0.0,0.0,0.0,520.1052809599998,0.0,0.0,0.0,0.0,0.6074999999999998,0.0002699999999999999,0.0,0.0,0.0,1.0,0.0,0.0,0.0,0.0
stress_scan,f_scale,0.6,Non-MEC,2,15,1.0,1.0,0.6,1.0,500,0.7,1.0,0.0,0.0,0.0,0.0,519.3354936296296,0.0,0.0,0.0,0.0,0.6074999999999998,0.0002699999999999999,0.0,0.0,0.0,1.0,0.0,0.0,0.0,0.0
stress_scan,f_scale,0.6,Stand-alone MEC,1,15,1.0,1.0,0.6,1.0,500,0.7,0.26,0.2,0.2,0.2,0.0,60.13660079041399,0.2,1723823.343622891,19571091387450.188,1.0,2423020.256607554,1076.8978918255796,0.0,0.0,0.0,0.0,0.0,0.0,0.74,0.26
stress_scan,f_scale,0.6,Stand-alone MEC,2,15,1.0,1.0,0.6,1.0,500,0.7,0.2613333333333333,0.2,0.2,0.2,0.0,61.46766357439879,0.2,1690156.3499348403,19018069640514.29,1.0,2432439.5857341536,1081.0842603262904,0.0,0.0,0.0,0.0,0.0,0.0,0.7386666666666667,0.2613333333333333
stress_scan,f_scale,0.6,Random,1,15,1.0,1.0,0.6,1.0,500,0.7,0.5217777777777778,0.0,0.0,0.0,0.0,732.8578222728595,0.0,0.0,0.0,0.514222222222222,1303415.6648847295,579.2958510598799,0.11777777777777777,0.11866666666666667,0.12044444444444445,0.1288888888888889,0.12088888888888889,0.13555555555555557,0.13733333333333334,0.12044444444444445
stress_scan,f_scale,0.6,Random,2,15,1.0,1.0,0.6,1.0,500,0.7,0.5311111111111111,0.0,0.0,0.0,0.0,756.4650916402818,0.0,0.0,0.0,0.5053333333333332,1224837.4861675042,544.3722160744463,0.128,0.11466666666666667,0.12355555555555556,0.12844444444444444,0.12311111111111112,0.12977777777777777,0.12577777777777777,0.12666666666666668
stress_scan,f_scale,0.8,Full,1,15,1.0,1.0,0.8,1.0,500,0.7,0.963111111111111,0.0,0.0,0.0,0.0,505.0355651259259,0.0,0.0,0.0,0.047555555555555566,1232408.1647935545,547.7369621304687,0.0,0.0,0.0,0.9524444444444444,0.008444444444444444,0.010666666666666666,0.007555555555555556,0.020888888888888887
stress_scan,f_scale,0.8,Full,2,15,1.0,1.0,0.8,1.0,500,0.7,0.9462222222222222,0.0,0.0,0.0,0.0,502.3319461718518,0.0,0.0,0.0,0.06622222222222218,974665.1957430651,433.18453144136225,0.0,0.0,0.0,0.9337777777777778,0.013777777777777778,0.017333333333333333,0.011111111111111112,0.024
stress_scan,f_scale,0.8,IQL,1,15,1.0,1.0,0.8,1.0,500,0.7,0.961777777777778,0.0,0.0,0.0,0.0,506.373603357037,0.0,0.0,0.0,0.048,424158.5261991327,188.51490053294788,0.0,0.0,0.0,0.952,0.008888888888888889,0.011111111111111112,0.0071111111111111115,0.020888888888888887
stress_scan,f_scale,0.8,IQL,2,15,1.0,1.0,0.8,1.0,500,0.7,0.9502222222222222,0.0,0.0,0.0,0.0,502.0482078903704,0.0,0.0,0.0,0.06355555555555553,834192.9586872851,370.7524260832378,0.0,0.0,0.0,0.9364444444444444,0.011111111111111112,0.015111111111111112,0.011555555555555555,0.025777777777777778
stress_scan,f_scale,0.8,No-EVT,1,15,1.0,1.0,0.8,1.0,500,0.7,0.963111111111111,0.0,0.0,0.0,0.0,505.0355651259259,0.0,0.0,0.0,0.047555555555555566,1232408.1647935545,547.7369621304687,0.0,0.0,0.0,0.9524444444444444,0.008444444444444444,0.010666666666666666,0.007555555555555556,0.020888888888888887
stress_scan,f_scale,0.8,No-EVT,2,15,1.0,1.0,0.8,1.0,500,0.7,0.9462222222222222,0.0,0.0,0.0,0.0,502.3319461718518,0.0,0.0,0.0,0.06622222222222218,974665.1957430651,433.18453144136225,0.0,0.0,0.0,0.9337777777777778,0.013777777777777778,0.017333333333333333,0.011111111111111112,0.024
stress_scan,f_scale,0.8,C6-Only,1,15,1.0,1.0,0.8,1.0,500,0.7,0.963111111111111,0.0,0.0,0.0,0.0,505.0355651259259,0.0,0.0,0.0,0.047555555555555566,1232408.1647935545,547.7369621304687,0.0,0.0,0.0,0.9524444444444444,0.008444444444444444,0.010666666666666666,0.007555555555555556,0.020888888888888887
stress_scan,f_scale,0.8,C6-Only,2,15,1.0,1.0,0.8,1.0,500,0.7,0.9462222222222222,0.0,0.0,0.0,0.0,502.3319461718518,0.0,0.0,0.0,0.06622222222222218,974665.1957430651,433.18453144136225,0.0,0.0,0.0,0.9337777777777778,0.013777777777777778,0.017333333333333333,0.011111111111111112,0.024
stress_scan,f_scale,0.8,Lyapunov-Greedy,1,15,1.0,1.0,0.8,1.0,500,0.7,1.0,0.0,0.0,0.0,0.0,520.1052809599998,0.0,0.0,0.0,0.0,0.6074999999999998,0.0002699999999999999,0.0,0.0,0.0,1.0,0.0,0.0,0.0,0.0
stress_scan,f_scale,0.8,Lyapunov-Greedy,2,15,1.0,1.0,0.8,1.0,500,0.7,1.0,0.0,0.0,0.0,0.0,519.3354936296296,0.0,0.0,0.0,0.0,0.6074999999999998,0.0002699999999999999,0.0,0.0,0.0,1.0,0.0,0.0,0.0,0.0
stress_scan,f_scale,0.8,Non-MEC,1,15,1.0,1.0,0.8,1.0,500,0.7,1.0,0.0,0.0,0.0,0.0,520.1052809599998,0.0,0.0,0.0,0.0,0.6074999999999998,0.0002699999999999999,0.0,0.0,0.0,1.0,0.0,0.0,0.0,0.0
stress_scan,f_scale,0.8,Non-MEC,2,15,1.0,1.0,0.8,1.0,500,0.7,1.0,0.0,0.0,0.0,0.0,519.3354936296296,0.0,0.0,0.0,0.0,0.6074999999999998,0.0002699999999999999,0.0,0.0,0.0,1.0,0.0,0.0,0.0,0.0
stress_scan,f_scale,0.8,Stand-alone MEC,1,15,1.0,1.0,0.8,1.0,500,0.7,0.39999999999999997,0.0,0.0,0.0,0.0,399.99999999999994,0.0,0.0,0.0,1.0,6873169.151854065,3054.7418452684733,0.0,0.0,0.0,0.0,0.0,0.0,0.6,0.4
stress_scan,f_scale,0.8,Stand-alone MEC,2,15,1.0,1.0,0.8,1.0,500,0.7,0.39999999999999997,0.0,0.0,0.0,0.0,399.99999999999994,0.0,0.0,0.0,1.0,6880382.4540694915,3057.9477573642184,0.0,0.0,0.0,0.0,0.0,0.0,0.6,0.4
stress_scan,f_scale,0.8,Random,1,15,1.0,1.0,0.8,1.0,500,0.7,0.6568888888888889,0.0,0.0,0.0,0.0,871.9688909185184,0.0,0.0,0.0,0.514222222222222,3293044.1820941307,1463.5751920418359,0.11777777777777777,0.11866666666666667,0.12044444444444445,0.1288888888888889,0.12088888888888889,0.13555555555555557,0.13733333333333334,0.12044444444444445
stress_scan,f_scale,0.8,Random,2,15,1.0,1.0,0.8,1.0,500,0.7,0.6715555555555555,0.0,0.0,0.0,0.0,902.2428236399999,0.0,0.0,0.0,0.5053333333333332,3341512.983616525,1485.1168816073443,0.128,0.11466666666666667,0.12355555555555556,0.12844444444444444,0.12311111111111112,0.12977777777777777,0.12577777777777777,0.12666666666666668
stress_scan,f_scale,1.0,Full,1,15,1.0,1.0,1.0,1.0,500,0.7,0.963111111111111,0.0,0.0,0.0,0.0,505.0355651259259,0.0,0.0,0.0,0.047555555555555566,1925637.4082877436,855.8388481278861,0.0,0.0,0.0,0.9524444444444444,0.008444444444444444,0.010666666666666666,0.007555555555555556,0.020888888888888887
stress_scan,f_scale,1.0,Full,2,15,1.0,1.0,1.0,1.0,500,0.7,0.9462222222222222,0.0,0.0,0.0,0.0,502.3319461718518,0.0,0.0,0.0,0.06622222222222218,1522914.0185227317,676.8506748989919,0.0,0.0,0.0,0.9337777777777778,0.013777777777777778,0.017333333333333333,0.011111111111111112,0.024
stress_scan,f_scale,1.0,IQL,1,15,1.0,1.0,1.0,1.0,500,0.7,0.961777777777778,0.0,0.0,0.0,0.0,506.373603357037,0.0,0.0,0.0,0.048,662747.3430787431,294.5543747016636,0.0,0.0,0.0,0.952,0.008888888888888889,0.011111111111111112,0.0071111111111111115,0.020888888888888887
stress_scan,f_scale,1.0,IQL,2,15,1.0,1.0,1.0,1.0,500,0.7,0.9502222222222222,0.0,0.0,0.0,0.0,502.0482078903704,0.0,0.0,0.0,0.06355555555555553,1303426.134422347,579.3005041877097,0.0,0.0,0.0,0.9364444444444444,0.011111111111111112,0.015111111111111112,0.011555555555555555,0.025777777777777778
stress_scan,f_scale,1.0,No-EVT,1,15,1.0,1.0,1.0,1.0,500,0.7,0.963111111111111,0.0,0.0,0.0,0.0,505.0355651259259,0.0,0.0,0.0,0.047555555555555566,1925637.4082877436,855.8388481278861,0.0,0.0,0.0,0.9524444444444444,0.008444444444444444,0.010666666666666666,0.007555555555555556,0.020888888888888887
stress_scan,f_scale,1.0,No-EVT,2,15,1.0,1.0,1.0,1.0,500,0.7,0.9462222222222222,0.0,0.0,0.0,0.0,502.3319461718518,0.0,0.0,0.0,0.06622222222222218,1522914.0185227317,676.8506748989919,0.0,0.0,0.0,0.9337777777777778,0.013777777777777778,0.017333333333333333,0.011111111111111112,0.024
stress_scan,f_scale,1.0,C6-Only,1,15,1.0,1.0,1.0,1.0,500,0.7,0.963111111111111,0.0,0.0,0.0,0.0,505.0355651259259,0.0,0.0,0.0,0.047555555555555566,1925637.4082877436,855.8388481278861,0.0,0.0,0.0,0.9524444444444444,0.008444444444444444,0.010666666666666666,0.007555555555555556,0.020888888888888887
stress_scan,f_scale,1.0,C6-Only,2,15,1.0,1.0,1.0,1.0,500,0.7,0.9462222222222222,0.0,0.0,0.0,0.0,502.3319461718518,0.0,0.0,0.0,0.06622222222222218,1522914.0185227317,676.8506748989919,0.0,0.0,0.0,0.9337777777777778,0.013777777777777778,0.017333333333333333,0.011111111111111112,0.024
stress_scan,f_scale,1.0,Lyapunov-Greedy,1,15,1.0,1.0,1.0,1.0,500,0.7,1.0,0.0,0.0,0.0,0.0,520.1052809599998,0.0,0.0,0.0,0.0,0.6074999999999998,0.0002699999999999999,0.0,0.0,0.0,1.0,0.0,0.0,0.0,0.0
stress_scan,f_scale,1.0,Lyapunov-Greedy,2,15,1.0,1.0,1.0,1.0,500,0.7,1.0,0.0,0.0,0.0,0.0,519.3354936296296,0.0,0.0,0.0,0.0,0.6074999999999998,0.0002699999999999999,0.0,0.0,0.0,1.0,0.0,0.0,0.0,0.0
stress_scan,f_scale,1.0,Non-MEC,1,15,1.0,1.0,1.0,1.0,500,0.7,1.0,0.0,0.0,0.0,0.0,520.1052809599998,0.0,0.0,0.0,0.0,0.6074999999999998,0.0002699999999999999,0.0,0.0,0.0,1.0,0.0,0.0,0.0,0.0
stress_scan,f_scale,1.0,Non-MEC,2,15,1.0,1.0,1.0,1.0,500,0.7,1.0,0.0,0.0,0.0,0.0,519.3354936296296,0.0,0.0,0.0,0.0,0.6074999999999998,0.0002699999999999999,0.0,0.0,0.0,1.0,0.0,0.0,0.0,0.0
stress_scan,f_scale,1.0,Stand-alone MEC,1,15,1.0,1.0,1.0,1.0,500,0.7,0.5,0.0,0.0,0.0,0.0,500.0,0.0,0.0,0.0,1.0,11295375.73926538,5020.166995229058,0.0,0.0,0.0,0.0,0.0,0.0,0.5,0.5
stress_scan,f_scale,1.0,Stand-alone MEC,2,15,1.0,1.0,1.0,1.0,500,0.7,0.5,0.0,0.0,0.0,0.0,500.0,0.0,0.0,0.0,1.0,11323823.740460912,5032.810551315961,0.0,0.0,0.0,0.0,0.0,0.0,0.5,0.5
stress_scan,f_scale,1.0,Random,1,15,1.0,1.0,1.0,1.0,500,0.7,0.7288888888888889,0.0,0.0,0.0,0.0,943.9688909185184,0.0,0.0,0.0,0.514222222222222,6714158.426213162,2984.0704116502943,0.11777777777777777,0.11866666666666667,0.12044444444444445,0.1288888888888889,0.12088888888888889,0.13555555555555557,0.13733333333333334,0.12044444444444445
stress_scan,f_scale,1.0,Random,2,15,1.0,1.0,1.0,1.0,500,0.7,0.7324444444444445,0.0,0.0,0.0,0.0,963.131712528889,0.0,0.0,0.0,0.5053333333333332,6390672.621031594,2840.2989426807085,0.128,0.11466666666666667,0.12355555555555556,0.12844444444444444,0.12311111111111112,0.12977777777777777,0.12577777777777777,0.12666666666666668
stress_scan,f_scale,1.2,Full,1,15,1.0,1.0,1.2,1.0,500,0.7,0.963111111111111,0.0,0.0,0.0,0.0,505.0355651259259,0.0,0.0,0.0,0.047555555555555566,2772917.594780639,1232.4078199025062,0.0,0.0,0.0,0.9524444444444444,0.008444444444444444,0.010666666666666666,0.007555555555555556,0.020888888888888887
stress_scan,f_scale,1.2,Full,2,15,1.0,1.0,1.2,1.0,500,0.7,0.9462222222222222,0.0,0.0,0.0,0.0,502.3319461718518,0.0,0.0,0.0,0.06622222222222218,2192995.9130312093,974.664850236093,0.0,0.0,0.0,0.9337777777777778,0.013777777777777778,0.017333333333333333,0.011111111111111112,0.024
stress_scan,f_scale,1.2,IQL,1,15,1.0,1.0,1.2,1.0,500,0.7,0.961777777777778,0.0,0.0,0.0,0.0,506.373603357037,0.0,0.0,0.0,0.048,954355.8970427111,424.1581764634272,0.0,0.0,0.0,0.952,0.008888888888888889,0.011111111111111112,0.0071111111111111115,0.020888888888888887
stress_scan,f_scale,1.2,IQL,2,15,1.0,1.0,1.2,1.0,500,0.7,0.9502222222222222,0.0,0.0,0.0,0.0,502.0482078903704,0.0,0.0,0.0,0.06355555555555553,1876933.349209645,834.1925996487312,0.0,0.0,0.0,0.9364444444444444,0.011111111111111112,0.015111111111111112,0.011555555555555555,0.025777777777777778
stress_scan,f_scale,1.2,No-EVT,1,15,1.0,1.0,1.2,1.0,500,0.7,0.963111111111111,0.0,0.0,0.0,0.0,505.0355651259259,0.0,0.0,0.0,0.047555555555555566,2772917.594780639,1232.4078199025062,0.0,0.0,0.0,0.9524444444444444,0.008444444444444444,0.010666666666666666,0.007555555555555556,0.020888888888888887
stress_scan,f_scale,1.2,No-EVT,2,15,1.0,1.0,1.2,1.0,500,0.7,0.9462222222222222,0.0,0.0,0.0,0.0,502.3319461718518,0.0,0.0,0.0,0.06622222222222218,2192995.9130312093,974.664850236093,0.0,0.0,0.0,0.9337777777777778,0.013777777777777778,0.017333333333333333,0.011111111111111112,0.024
stress_scan,f_scale,1.2,C6-Only,1,15,1.0,1.0,1.2,1.0,500,0.7,0.963111111111111,0.0,0.0,0.0,0.0,505.0355651259259,0.0,0.0,0.0,0.047555555555555566,2772917.594780639,1232.4078199025062,0.0,0.0,0.0,0.9524444444444444,0.008444444444444444,0.010666666666666666,0.007555555555555556,0.020888888888888887
stress_scan,f_scale,1.2,C6-Only,2,15,1.0,1.0,1.2,1.0,500,0.7,0.9462222222222222,0.0,0.0,0.0,0.0,502.3319461718518,0.0,0.0,0.0,0.06622222222222218,2192995.9130312093,974.664850236093,0.0,0.0,0.0,0.9337777777777778,0.013777777777777778,0.017333333333333333,0.011111111111111112,0.024
stress_scan,f_scale,1.2,Lyapunov-Greedy,1,15,1.0,1.0,1.2,1.0,500,0.7,1.0,0.0,0.0,0.0,0.0,520.1052809599998,0.0,0.0,0.0,0.0,0.6074999999999998,0.0002699999999999999,0.0,0.0,0.0,1.0,0.0,0.0,0.0,0.0
stress_scan,f_scale,1.2,Lyapunov-Greedy,2,15,1.0,1.0,1.2,1.0,500,0.7,1.0,0.0,0.0,0.0,0.0,519.3354936296296,0.0,0.0,0.0,0.0,0.6074999999999998,0.0002699999999999999,0.0,0.0,0.0,1.0,0.0,0.0,0.0,0.0
stress_scan,f_scale,1.2,Non-MEC,1,15,1.0,1.0,1.2,1.0,500,0.7,1.0,0.0,0.0,0.0,0.0,520.1052809599998,0.0,0.0,0.0,0.0,0.6074999999999998,0.0002699999999999999,0.0,0.0,0.0,1.0,0.0,0.0,0.0,0.0
stress_scan,f_scale,1.2,Non-MEC,2,15,1.0,1.0,1.2,1.0,500,0.7,1.0,0.0,0.0,0.0,0.0,519.3354936296296,0.0,0.0,0.0,0.0,0.6074999999999998,0.0002699999999999999,0.0,0.0,0.0,1.0,0.0,0.0,0.0,0.0
stress_scan,f_scale,1.2,Stand-alone MEC,1,15,1.0,1.0,1.2,1.0,500,0.7,0.5,0.0,0.0,0.0,0.0,500.0,0.0,0.0,0.0,1.0,13947430.155770188,6198.857847008972,0.0,0.0,0.0,0.0,0.0,0.0,0.5,0.5
stress_scan,f_scale,1.2,Stand-alone MEC,2,15,1.0,1.0,1.2,1.0,500,0.7,0.5,0.0,0.0,0.0,0.0,500.0,0.0,0.0,0.0,1.0,13951216.071649201,6200.540476288534,0.0,0.0,0.0,0.0,0.0,0.0,0.5,0.5
stress_scan,f_scale,1.2,Random,1,15,1.0,1.0,1.2,1.0,500,0.7,0.740888888888889,0.0,0.0,0.0,0.0,955.9688909185185,0.0,0.0,0.0,0.514222222222222,10571941.776271148,4698.640789453843,0.11777777777777777,0.11866666666666667,0.12044444444444445,0.1288888888888889,0.12088888888888889,0.13555555555555557,0.13733333333333334,0.12044444444444445
stress_scan,f_scale,1.2,Random,2,15,1.0,1.0,1.2,1.0,500,0.7,0.7453333333333334,0.0,0.0,0.0,0.0,976.0206014177778,0.0,0.0,0.0,0.5053333333333332,9032101.281862034,4014.267236383126,0.128,0.11466666666666667,0.12355555555555556,0.12844444444444444,0.12311111111111112,0.12977777777777777,0.12577777777777777,0.12666666666666668
stress_scan,f_scale,1.4,Full,1,15,1.0,1.0,1.4,1.0,500,0.7,0.963111111111111,0.0,0.0,0.0,0.0,505.0355651259259,0.0,0.0,0.0,0.047555555555555566,3774248.724272243,1677.4438774543303,0.0,0.0,0.0,0.9524444444444444,0.008444444444444444,0.010666666666666666,0.007555555555555556,0.020888888888888887
stress_scan,f_scale,1.4,Full,2,15,1.0,1.0,1.4,1.0,500,0.7,0.9462222222222222,0.0,0.0,0.0,0.0,502.3319461718518,0.0,0.0,0.0,0.06622222222222218,2984910.879268507,1326.6270574526698,0.0,0.0,0.0,0.9337777777777778,0.013777777777777778,0.017333333333333333,0.011111111111111112,0.024
stress_scan,f_scale,1.4,IQL,1,15,1.0,1.0,1.4,1.0,500,0.7,0.961777777777778,0.0,0.0,0.0,0.0,506.373603357037,0.0,0.0,0.0,0.048,1298984.1880910378,577.326305818239,0.0,0.0,0.0,0.952,0.008888888888888889,0.011111111111111112,0.0071111111111111115,0.020888888888888887
stress_scan,f_scale,1.4,IQL,2,15,1.0,1.0,1.4,1.0,500,0.7,0.9502222222222222,0.0,0.0,0.0,0.0,502.0482078903704,0.0,0.0,0.0,0.06355555555555553,2554714.6030491753,1135.4287124663,0.0,0.0,0.0,0.9364444444444444,0.011111111111111112,0.015111111111111112,0.011555555555555555,0.025777777777777778
stress_scan,f_scale,1.4,No-EVT,1,15,1.0,1.0,1.4,1.0,500,0.7,0.963111111111111,0.0,0.0,0.0,0.0,505.0355651259259,0.0,0.0,0.0,0.047555555555555566,3774248.724272243,1677.4438774543303,0.0,0.0,0.0,0.9524444444444444,0.008444444444444444,0.010666666666666666,0.007555555555555556,0.020888888888888887
stress_scan,f_scale,1.4,No-EVT,2,15,1.0,1.0,1.4,1.0,500,0.7,0.9462222222222222,0.0,0.0,0.0,0.0,502.3319461718518,0.0,0.0,0.0,0.06622222222222218,2984910.879268507,1326.6270574526698,0.0,0.0,0.0,0.9337777777777778,0.013777777777777778,0.017333333333333333,0.011111111111111112,0.024
stress_scan,f_scale,1.4,C6-Only,1,15,1.0,1.0,1.4,1.0,500,0.7,0.963111111111111,0.0,0.0,0.0,0.0,505.0355651259259,0.0,0.0,0.0,0.047555555555555566,3774248.724272243,1677.4438774543303,0.0,0.0,0.0,0.9524444444444444,0.008444444444444444,0.010666666666666666,0.007555555555555556,0.020888888888888887
stress_scan,f_scale,1.4,C6-Only,2,15,1.0,1.0,1.4,1.0,500,0.7,0.9462222222222222,0.0,0.0,0.0,0.0,502.3319461718518,0.0,0.0,0.0,0.06622222222222218,2984910.879268507,1326.6270574526698,0.0,0.0,0.0,0.9337777777777778,0.013777777777777778,0.017333333333333333,0.011111111111111112,0.024
stress_scan,f_scale,1.4,Lyapunov-Greedy,1,15,1.0,1.0,1.4,1.0,500,0.7,1.0,0.0,0.0,0.0,0.0,520.1052809599998,0.0,0.0,0.0,0.0,0.6074999999999998,0.0002699999999999999,0.0,0.0,0.0,1.0,0.0,0.0,0.0,0.0
stress_scan,f_scale,1.4,Lyapunov-Greedy,2,15,1.0,1.0,1.4,1.0,500,0.7,1.0,0.0,0.0,0.0,0.0,519.3354936296296,0.0,0.0,0.0,0.0,0.6074999999999998,0.0002699999999999999,0.0,0.0,0.0,1.0,0.0,0.0,0.0,0.0
stress_scan,f_scale,1.4,Non-MEC,1,15,1.0,1.0,1.4,1.0,500,0.7,1.0,0.0,0.0,0.0,0.0,520.1052809599998,0.0,0.0,0.0,0.0,0.6074999999999998,0.0002699999999999999,0.0,0.0,0.0,1.0,0.0,0.0,0.0,0.0
stress_scan,f_scale,1.4,Non-MEC,2,15,1.0,1.0,1.4,1.0,500,0.7,1.0,0.0,0.0,0.0,0.0,519.3354936296296,0.0,0.0,0.0,0.0,0.6074999999999998,0.0002699999999999999,0.0,0.0,0.0,1.0,0.0,0.0,0.0,0.0
stress_scan,f_scale,1.4,Stand-alone MEC,1,15,1.0,1.0,1.4,1.0,500,0.7,0.5,0.0,0.0,0.0,0.0,500.0,0.0,0.0,0.0,1.0,18984000.908749048,8437.3337372218,0.0,0.0,0.0,0.0,0.0,0.0,0.5,0.5
stress_scan,f_scale,1.4,Stand-alone MEC,2,15,1.0,1.0,1.4,1.0,500,0.7,0.5,0.0,0.0,0.0,0.0,500.0,0.0,0.0,0.0,1.0,18989153.96101454,8439.623982673129,0.0,0.0,0.0,0.0,0.0,0.0,0.5,0.5
stress_scan,f_scale,1.4,Random,1,15,1.0,1.0,1.4,1.0,500,0.7,0.7435555555555557,0.0,0.0,0.0,0.0,958.6355575851851,0.0,0.0,0.0,0.514222222222222,13822731.038033344,6143.436016903708,0.11777777777777777,0.11866666666666667,0.12044444444444445,0.1288888888888889,0.12088888888888889,0.13555555555555557,0.13733333333333334,0.12044444444444445
stress_scan,f_scale,1.4,Random,2,15,1.0,1.0,1.4,1.0,500,0.7,0.748,0.0,0.0,0.0,0.0,978.6872680844444,0.0,0.0,0.0,0.5053333333333332,12679750.438698292,5635.444639421463,0.128,0.11466666666666667,0.12355555555555556,0.12844444444444444,0.12311111111111112,0.12977777777777777,0.12577777777777777,0.12666666666666668
stress_scan,user_num,5,Full,1,5,1.0,1.0,1.0,1.0,500,0.7,0.9626666666666667,0.0,0.0,0.0,0.0,503.09643000000005,0.0,0.0,0.0,0.06,4515115.192392628,6020.153589856837,0.0,0.0,0.0,0.94,0.005333333333333333,0.010666666666666666,0.006666666666666667,0.037333333333333336
stress_scan,user_num,5,Full,2,5,1.0,1.0,1.0,1.0,500,0.7,0.96,0.0,0.0,0.0,0.0,516.4304297422221,0.0,0.0,0.0,0.05866666666666667,3314944.0287285363,4419.925371638048,0.0,0.0,0.0,0.9413333333333334,0.006666666666666667,0.005333333333333333,0.013333333333333334,0.03333333333333333
stress_scan,user_num,5,IQL,1,5,1.0,1.0,1.0,1.0,500,0.7,0.9626666666666667,0.0,0.0,0.0,0.0,511.5946542933335,0.0,0.0,0.0,0.05733333333333334,4031771.191745171,5375.694922326895,0.0,0.0,0.0,0.9426666666666667,0.005333333333333333,0.009333333333333334,0.006666666666666667,0.036
stress_scan,user_num,5,IQL,2,5,1.0,1.0,1.0,1.0,500,0.7,0.96,0.0,0.0,0.0,0.0,504.86705014222196,0.0,0.0,0.0,0.05866666666666666,3439416.914321893,4585.889219095857,0.0,0.0,0.0,0.9413333333333334,0.008,0.008,0.013333333333333334,0.029333333333333333
stress_scan,user_num,5,No-EVT,1,5,1.0,1.0,1.0,1.0,500,0.7,0.9626666666666667,0.0,0.0,0.0,0.0,503.09643000000005,0.0,0.0,0.0,0.06,4515115.192392628,6020.153589856837,0.0,0.0,0.0,0.94,0.005333333333333333,0.010666666666666666,0.006666666666666667,0.037333333333333336
stress_scan,user_num,5,No-EVT,2,5,1.0,1.0,1.0,1.0,500,0.7,0.96,0.0,0.0,0.0,0.0,516.4304297422221,0.0,0.0,0.0,0.05866666666666667,3314944.0287285363,4419.925371638048,0.0,0.0,0.0,0.9413333333333334,0.006666666666666667,0.005333333333333333,0.013333333333333334,0.03333333333333333
stress_scan,user_num,5,C6-Only,1,5,1.0,1.0,1.0,1.0,500,0.7,0.9626666666666667,0.0,0.0,0.0,0.0,503.09643000000005,0.0,0.0,0.0,0.06,4515115.192392628,6020.153589856837,0.0,0.0,0.0,0.94,0.005333333333333333,0.010666666666666666,0.006666666666666667,0.037333333333333336
stress_scan,user_num,5,C6-Only,2,5,1.0,1.0,1.0,1.0,500,0.7,0.96,0.0,0.0,0.0,0.0,516.4304297422221,0.0,0.0,0.0,0.05866666666666667,3314944.0287285363,4419.925371638048,0.0,0.0,0.0,0.9413333333333334,0.006666666666666667,0.005333333333333333,0.013333333333333334,0.03333333333333333
stress_scan,user_num,5,Lyapunov-Greedy,1,5,1.0,1.0,1.0,1.0,500,0.7,1.0,0.0,0.0,0.0,0.0,519.5721827288888,0.0,0.0,0.0,0.0,0.20249999999999954,0.0002699999999999994,0.0,0.0,0.0,1.0,0.0,0.0,0.0,0.0
stress_scan,user_num,5,Lyapunov-Greedy,2,5,1.0,1.0,1.0,1.0,500,0.7,1.0,0.0,0.0,0.0,0.0,520.3293889777776,0.0,0.0,0.0,0.0,0.20249999999999954,0.0002699999999999994,0.0,0.0,0.0,1.0,0.0,0.0,0.0,0.0
stress_scan,user_num,5,Non-MEC,1,5,1.0,1.0,1.0,1.0,500,0.7,1.0,0.0,0.0,0.0,0.0,519.5721827288888,0.0,0.0,0.0,0.0,0.20249999999999954,0.0002699999999999994,0.0,0.0,0.0,1.0,0.0,0.0,0.0,0.0
stress_scan,user_num,5,Non-MEC,2,5,1.0,1.0,1.0,1.0,500,0.7,1.0,0.0,0.0,0.0,0.0,520.3293889777776,0.0,0.0,0.0,0.0,0.20249999999999954,0.0002699999999999994,0.0,0.0,0.0,1.0,0.0,0.0,0.0,0.0
stress_scan,user_num,5,Stand-alone MEC,1,5,1.0,1.0,1.0,1.0,500,0.7,0.5,0.0,0.0,0.0,0.0,500.0,0.0,0.0,0.0,1.0,9015650.324342037,12020.867099122715,0.0,0.0,0.0,0.0,0.0,0.0,0.5,0.5
stress_scan,user_num,5,Stand-alone MEC,2,5,1.0,1.0,1.0,1.0,500,0.7,0.5,0.0,0.0,0.0,0.0,500.0,0.0,0.0,0.0,1.0,8986044.70390645,11981.392938541934,0.0,0.0,0.0,0.0,0.0,0.0,0.5,0.5
stress_scan,user_num,5,Random,1,5,1.0,1.0,1.0,1.0,500,0.7,0.7506666666666668,0.0,0.0,0.0,0.0,890.5966457955558,0.0,0.0,0.0,0.4973333333333333,26007233.92129356,34676.31189505808,0.128,0.116,0.12266666666666666,0.136,0.13333333333333333,0.10533333333333333,0.136,0.12266666666666666
stress_scan,user_num,5,Random,2,5,1.0,1.0,1.0,1.0,500,0.7,0.7413333333333334,0.0,0.0,0.0,0.0,1026.9816271155555,0.0,0.0,0.0,0.5186666666666665,22188887.638886992,29585.18351851599,0.10533333333333333,0.11866666666666667,0.128,0.12933333333333333,0.124,0.13733333333333334,0.14266666666666666,0.11466666666666667
stress_scan,user_num,10,Full,1,10,1.0,1.0,1.0,1.0,500,0.7,0.9586666666666666,0.0,0.0,0.0,0.0,497.26757654666653,0.0,0.0,0.0,0.05199999999999997,2673173.496616718,1782.1156644111452,0.0,0.0,0.0,0.948,0.008666666666666666,0.007333333333333333,0.014,0.022
stress_scan,user_num,10,Full,2,10,1.0,1.0,1.0,1.0,500,0.7,0.9406666666666667,0.0,0.0,0.0,0.0,499.4011350666666,0.0,0.0,0.0,0.06999999999999994,1185852.4204180483,790.5682802786988,0.0,0.0,0.0,0.93,0.014,0.019333333333333334,0.010666666666666666,0.026
stress_scan,user_num,10,IQL,1,10,1.0,1.0,1.0,1.0,500,0.7,0.9613333333333334,0.0,0.0,0.0,0.0,499.0443283822221,0.0,0.0,0.0,0.050666666666666645,2036747.0549114295,1357.831369940953,0.0,0.0,0.0,0.9493333333333334,0.008,0.006,0.011333333333333334,0.025333333333333333
stress_scan,user_num,10,IQL,2,10,1.0,1.0,1.0,1.0,500,0.7,0.9433333333333334,0.0,0.0,0.0,0.0,501.9434919777776,0.0,0.0,0.0,0.06999999999999992,1915680.2037933923,1277.1201358622616,0.0,0.0,0.0,0.93,0.012666666666666666,0.018,0.009333333333333334,0.03
stress_scan,user_num,10,No-EVT,1,10,1.0,1.0,1.0,1.0,500,0.7,0.9586666666666666,0.0,0.0,0.0,0.0,497.26757654666653,0.0,0.0,0.0,0.05199999999999997,2673173.496616718,1782.1156644111452,0.0,0.0,0.0,0.948,0.008666666666666666,0.007333333333333333,0.014,0.022
stress_scan,user_num,10,No-EVT,2,10,1.0,1.0,1.0,1.0,500,0.7,0.9406666666666667,0.0,0.0,0.0,0.0,499.4011350666666,0.0,0.0,0.0,0.06999999999999994,1185852.4204180483,790.5682802786988,0.0,0.0,0.0,0.93,0.014,0.019333333333333334,0.010666666666666666,0.026
stress_scan,user_num,10,C6-Only,1,10,1.0,1.0,1.0,1.0,500,0.7,0.9586666666666666,0.0,0.0,0.0,0.0,497.26757654666653,0.0,0.0,0.0,0.05199999999999997,2673173.496616718,1782.1156644111452,0.0,0.0,0.0,0.948,0.008666666666666666,0.007333333333333333,0.014,0.022
stress_scan,user_num,10,C6-Only,2,10,1.0,1.0,1.0,1.0,500,0.7,0.9406666666666667,0.0,0.0,0.0,0.0,499.4011350666666,0.0,0.0,0.0,0.06999999999999994,1185852.4204180483,790.5682802786988,0.0,0.0,0.0,0.93,0.014,0.019333333333333334,0.010666666666666666,0.026
stress_scan,user_num,10,Lyapunov-Greedy,1,10,1.0,1.0,1.0,1.0,500,0.7,1.0,0.0,0.0,0.0,0.0,519.628990031111,0.0,0.0,0.0,0.0,0.4049999999999991,0.0002699999999999994,0.0,0.0,0.0,1.0,0.0,0.0,0.0,0.0
stress_scan,user_num,10,Lyapunov-Greedy,2,10,1.0,1.0,1.0,1.0,500,0.7,1.0,0.0,0.0,0.0,0.0,519.9279559155555,0.0,0.0,0.0,0.0,0.4049999999999991,0.0002699999999999994,0.0,0.0,0.0,1.0,0.0,0.0,0.0,0.0
stress_scan,user_num,10,Non-MEC,1,10,1.0,1.0,1.0,1.0,500,0.7,1.0,0.0,0.0,0.0,0.0,519.628990031111,0.0,0.0,0.0,0.0,0.4049999999999991,0.0002699999999999994,0.0,0.0,0.0,1.0,0.0,0.0,0.0,0.0
stress_scan,user_num,10,Non-MEC,2,10,1.0,1.0,1.0,1.0,500,0.7,1.0,0.0,0.0,0.0,0.0,519.9279559155555,0.0,0.0,0.0,0.0,0.4049999999999991,0.0002699999999999994,0.0,0.0,0.0,1.0,0.0,0.0,0.0,0.0
stress_scan,user_num,10,Stand-alone MEC,1,10,1.0,1.0,1.0,1.0,500,0.7,0.5,0.0,0.0,0.0,0.0,500.0,0.0,0.0,0.0,1.0,23242631.309017193,15495.087539344795,0.0,0.0,0.0,0.0,0.0,0.0,0.5,0.5
stress_scan,user_num,10,Stand-alone MEC,2,10,1.0,1.0,1.0,1.0,500,0.7,0.5,0.0,0.0,0.0,0.0,500.0,0.0,0.0,0.0,1.0,23240143.25831712,15493.42883887808,0.0,0.0,0.0,0.0,0.0,0.0,0.5,0.5
stress_scan,user_num,10,Random,1,10,1.0,1.0,1.0,1.0,500,0.7,0.7526666666666666,0.0,0.0,0.0,0.0,963.0579341622218,0.0,0.0,0.0,0.49399999999999994,9423083.469223326,6282.055646148884,0.12866666666666668,0.114,0.13866666666666666,0.12466666666666666,0.10333333333333333,0.128,0.11733333333333333,0.14533333333333334
stress_scan,user_num,10,Random,2,10,1.0,1.0,1.0,1.0,500,0.7,0.7486666666666667,0.0,0.0,0.0,0.0,1048.3185683088889,0.0,0.0,0.0,0.504,9879323.35671526,6586.215571143507,0.122,0.12333333333333334,0.12066666666666667,0.13,0.124,0.13666666666666666,0.124,0.11933333333333333
stress_scan,user_num,15,Full,1,15,1.0,1.0,1.0,1.0,500,0.7,0.963111111111111,0.0,0.0,0.0,0.0,505.0355651259259,0.0,0.0,0.0,0.047555555555555566,1925637.4082877436,855.8388481278861,0.0,0.0,0.0,0.9524444444444444,0.008444444444444444,0.010666666666666666,0.007555555555555556,0.020888888888888887
stress_scan,user_num,15,Full,2,15,1.0,1.0,1.0,1.0,500,0.7,0.9462222222222222,0.0,0.0,0.0,0.0,502.3319461718518,0.0,0.0,0.0,0.06622222222222218,1522914.0185227317,676.8506748989919,0.0,0.0,0.0,0.9337777777777778,0.013777777777777778,0.017333333333333333,0.011111111111111112,0.024
stress_scan,user_num,15,IQL,1,15,1.0,1.0,1.0,1.0,500,0.7,0.961777777777778,0.0,0.0,0.0,0.0,506.373603357037,0.0,0.0,0.0,0.048,662747.3430787431,294.5543747016636,0.0,0.0,0.0,0.952,0.008888888888888889,0.011111111111111112,0.0071111111111111115,0.020888888888888887
stress_scan,user_num,15,IQL,2,15,1.0,1.0,1.0,1.0,500,0.7,0.9502222222222222,0.0,0.0,0.0,0.0,502.0482078903704,0.0,0.0,0.0,0.06355555555555553,1303426.134422347,579.3005041877097,0.0,0.0,0.0,0.9364444444444444,0.011111111111111112,0.015111111111111112,0.011555555555555555,0.025777777777777778
stress_scan,user_num,15,No-EVT,1,15,1.0,1.0,1.0,1.0,500,0.7,0.963111111111111,0.0,0.0,0.0,0.0,505.0355651259259,0.0,0.0,0.0,0.047555555555555566,1925637.4082877436,855.8388481278861,0.0,0.0,0.0,0.9524444444444444,0.008444444444444444,0.010666666666666666,0.007555555555555556,0.020888888888888887
stress_scan,user_num,15,No-EVT,2,15,1.0,1.0,1.0,1.0,500,0.7,0.9462222222222222,0.0,0.0,0.0,0.0,502.3319461718518,0.0,0.0,0.0,0.06622222222222218,1522914.0185227317,676.8506748989919,0.0,0.0,0.0,0.9337777777777778,0.013777777777777778,0.017333333333333333,0.011111111111111112,0.024
stress_scan,user_num,15,C6-Only,1,15,1.0,1.0,1.0,1.0,500,0.7,0.963111111111111,0.0,0.0,0.0,0.0,505.0355651259259,0.0,0.0,0.0,0.047555555555555566,1925637.4082877436,855.8388481278861,0.0,0.0,0.0,0.9524444444444444,0.008444444444444444,0.010666666666666666,0.007555555555555556,0.020888888888888887
stress_scan,user_num,15,C6-Only,2,15,1.0,1.0,1.0,1.0,500,0.7,0.9462222222222222,0.0,0.0,0.0,0.0,502.3319461718518,0.0,0.0,0.0,0.06622222222222218,1522914.0185227317,676.8506748989919,0.0,0.0,0.0,0.9337777777777778,0.013777777777777778,0.017333333333333333,0.011111111111111112,0.024
stress_scan,user_num,15,Lyapunov-Greedy,1,15,1.0,1.0,1.0,1.0,500,0.7,1.0,0.0,0.0,0.0,0.0,520.1052809599998,0.0,0.0,0.0,0.0,0.6074999999999998,0.0002699999999999999,0.0,0.0,0.0,1.0,0.0,0.0,0.0,0.0
stress_scan,user_num,15,Lyapunov-Greedy,2,15,1.0,1.0,1.0,1.0,500,0.7,1.0,0.0,0.0,0.0,0.0,519.3354936296296,0.0,0.0,0.0,0.0,0.6074999999999998,0.0002699999999999999,0.0,0.0,0.0,1.0,0.0,0.0,0.0,0.0
stress_scan,user_num,15,Non-MEC,1,15,1.0,1.0,1.0,1.0,500,0.7,1.0,0.0,0.0,0.0,0.0,520.1052809599998,0.0,0.0,0.0,0.0,0.6074999999999998,0.0002699999999999999,0.0,0.0,0.0,1.0,0.0,0.0,0.0,0.0
stress_scan,user_num,15,Non-MEC,2,15,1.0,1.0,1.0,1.0,500,0.7,1.0,0.0,0.0,0.0,0.0,519.3354936296296,0.0,0.0,0.0,0.0,0.6074999999999998,0.0002699999999999999,0.0,0.0,0.0,1.0,0.0,0.0,0.0,0.0
stress_scan,user_num,15,Stand-alone MEC,1,15,1.0,1.0,1.0,1.0,500,0.7,0.5,0.0,0.0,0.0,0.0,500.0,0.0,0.0,0.0,1.0,11295375.73926538,5020.166995229058,0.0,0.0,0.0,0.0,0.0,0.0,0.5,0.5
stress_scan,user_num,15,Stand-alone MEC,2,15,1.0,1.0,1.0,1.0,500,0.7,0.5,0.0,0.0,0.0,0.0,500.0,0.0,0.0,0.0,1.0,11323823.740460912,5032.810551315961,0.0,0.0,0.0,0.0,0.0,0.0,0.5,0.5
stress_scan,user_num,15,Random,1,15,1.0,1.0,1.0,1.0,500,0.7,0.7288888888888889,0.0,0.0,0.0,0.0,943.9688909185184,0.0,0.0,0.0,0.514222222222222,6714158.426213162,2984.0704116502943,0.11777777777777777,0.11866666666666667,0.12044444444444445,0.1288888888888889,0.12088888888888889,0.13555555555555557,0.13733333333333334,0.12044444444444445
stress_scan,user_num,15,Random,2,15,1.0,1.0,1.0,1.0,500,0.7,0.7324444444444445,0.0,0.0,0.0,0.0,963.131712528889,0.0,0.0,0.0,0.5053333333333332,6390672.621031594,2840.2989426807085,0.128,0.11466666666666667,0.12355555555555556,0.12844444444444444,0.12311111111111112,0.12977777777777777,0.12577777777777777,0.12666666666666668
stress_scan,user_num,20,Full,1,20,1.0,1.0,1.0,1.0,500,0.7,0.9596666666666666,0.0,0.0,0.0,0.0,500.589977391111,0.0,0.0,0.0,0.05066666666666662,1144370.8381075952,381.4569460358651,0.0,0.0,0.0,0.9493333333333334,0.008666666666666666,0.010666666666666666,0.008666666666666666,0.02266666666666667
stress_scan,user_num,20,Full,2,20,1.0,1.0,1.0,1.0,500,0.7,0.9563333333333333,0.0,0.0,0.0,0.0,508.6880890800001,0.0,0.0,0.0,0.05399999999999994,450049.24166735745,150.01641388911915,0.0,0.0,0.0,0.946,0.013,0.009666666666666667,0.009666666666666667,0.021666666666666667
stress_scan,user_num,20,IQL,1,20,1.0,1.0,1.0,1.0,500,0.7,0.959,0.0,0.0,0.0,0.0,501.63530483999983,0.0,0.0,0.0,0.05133333333333327,2020750.971600323,673.5836572001076,0.0,0.0,0.0,0.9486666666666667,0.009666666666666667,0.011666666666666667,0.007666666666666666,0.022333333333333334
stress_scan,user_num,20,IQL,2,20,1.0,1.0,1.0,1.0,500,0.7,0.9583333333333336,0.0,0.0,0.0,0.0,501.6655177333334,0.0,0.0,0.0,0.05299999999999994,735914.0958038773,245.30469860129244,0.0,0.0,0.0,0.947,0.010666666666666666,0.010333333333333333,0.012,0.02
stress_scan,user_num,20,No-EVT,1,20,1.0,1.0,1.0,1.0,500,0.7,0.9596666666666666,0.0,0.0,0.0,0.0,500.589977391111,0.0,0.0,0.0,0.05066666666666662,1144370.8381075952,381.4569460358651,0.0,0.0,0.0,0.9493333333333334,0.008666666666666666,0.010666666666666666,0.008666666666666666,0.02266666666666667
stress_scan,user_num,20,No-EVT,2,20,1.0,1.0,1.0,1.0,500,0.7,0.9563333333333333,0.0,0.0,0.0,0.0,508.6880890800001,0.0,0.0,0.0,0.05399999999999994,450049.24166735745,150.01641388911915,0.0,0.0,0.0,0.946,0.013,0.009666666666666667,0.009666666666666667,0.021666666666666667
stress_scan,user_num,20,C6-Only,1,20,1.0,1.0,1.0,1.0,500,0.7,0.9596666666666666,0.0,0.0,0.0,0.0,500.589977391111,0.0,0.0,0.0,0.05066666666666662,1144370.8381075952,381.4569460358651,0.0,0.0,0.0,0.9493333333333334,0.008666666666666666,0.010666666666666666,0.008666666666666666,0.02266666666666667
stress_scan,user_num,20,C6-Only,2,20,1.0,1.0,1.0,1.0,500,0.7,0.9563333333333333,0.0,0.0,0.0,0.0,508.6880890800001,0.0,0.0,0.0,0.05399999999999994,450049.24166735745,150.01641388911915,0.0,0.0,0.0,0.946,0.013,0.009666666666666667,0.009666666666666667,0.021666666666666667
stress_scan,user_num,20,Lyapunov-Greedy,1,20,1.0,1.0,1.0,1.0,500,0.7,1.0,0.0,0.0,0.0,0.0,519.7169834444445,0.0,0.0,0.0,0.0,0.8099999999999982,0.0002699999999999994,0.0,0.0,0.0,1.0,0.0,0.0,0.0,0.0
stress_scan,user_num,20,Lyapunov-Greedy,2,20,1.0,1.0,1.0,1.0,500,0.7,1.0,0.0,0.0,0.0,0.0,518.7414676333334,0.0,0.0,0.0,0.0,0.8099999999999982,0.0002699999999999994,0.0,0.0,0.0,1.0,0.0,0.0,0.0,0.0
stress_scan,user_num,20,Non-MEC,1,20,1.0,1.0,1.0,1.0,500,0.7,1.0,0.0,0.0,0.0,0.0,519.7169834444445,0.0,0.0,0.0,0.0,0.8099999999999982,0.0002699999999999994,0.0,0.0,0.0,1.0,0.0,0.0,0.0,0.0
stress_scan,user_num,20,Non-MEC,2,20,1.0,1.0,1.0,1.0,500,0.7,1.0,0.0,0.0,0.0,0.0,518.7414676333334,0.0,0.0,0.0,0.0,0.8099999999999982,0.0002699999999999994,0.0,0.0,0.0,1.0,0.0,0.0,0.0,0.0
stress_scan,user_num,20,Stand-alone MEC,1,20,1.0,1.0,1.0,1.0,500,0.7,0.39999999999999997,0.0,0.0,0.0,0.0,399.99999999999994,0.0,0.0,0.0,1.0,8176704.483960957,2725.568161320319,0.0,0.0,0.0,0.0,0.0,0.0,0.6,0.4
stress_scan,user_num,20,Stand-alone MEC,2,20,1.0,1.0,1.0,1.0,500,0.7,0.39999999999999997,0.0,0.0,0.0,0.0,399.99999999999994,0.0,0.0,0.0,1.0,7978856.0767837865,2659.6186922612624,0.0,0.0,0.0,0.0,0.0,0.0,0.6,0.4
stress_scan,user_num,20,Random,1,20,1.0,1.0,1.0,1.0,500,0.7,0.6313333333333333,0.0,0.0,0.0,0.0,925.9281117733332,0.0,0.0,0.0,0.5169999999999996,3738924.6756488085,1246.3082252162694,0.11633333333333333,0.12166666666666667,0.116,0.129,0.13466666666666666,0.12766666666666668,0.12833333333333333,0.12633333333333333
stress_scan,user_num,20,Random,2,20,1.0,1.0,1.0,1.0,500,0.7,0.6343333333333334,0.0,0.0,0.0,0.0,886.5721154588886,0.0,0.0,0.0,0.493,3124515.345106612,1041.5051150355373,0.12433333333333334,0.12233333333333334,0.131,0.12933333333333333,0.12,0.132,0.12166666666666667,0.11933333333333333
stress_scan,user_num,25,Full,1,25,1.0,1.0,1.0,1.0,500,0.7,0.9594666666666667,0.0,0.0,0.0,0.0,500.078645712,0.0,0.0,0.0,0.049866666666666705,1011875.2837888546,269.8334090103612,0.0,0.0,0.0,0.9501333333333334,0.012,0.009066666666666667,0.010133333333333333,0.018666666666666668
stress_scan,user_num,25,Full,2,25,1.0,1.0,1.0,1.0,500,0.7,0.9586666666666666,0.0,0.0,0.0,0.0,501.63875683377773,0.0,0.0,0.0,0.05093333333333337,958130.740055458,255.50153068145548,0.0,0.0,0.0,0.9490666666666666,0.0104,0.012,0.008266666666666667,0.020266666666666665
stress_scan,user_num,25,IQL,1,25,1.0,1.0,1.0,1.0,500,0.7,0.9605333333333332,0.0,0.0,0.0,0.0,500.04517781688884,0.0,0.0,0.0,0.04933333333333337,600288.9482827494,160.07705287539983,0.0,0.0,0.0,0.9506666666666667,0.010933333333333333,0.0096,0.0096,0.0192
stress_scan,user_num,25,IQL,2,25,1.0,1.0,1.0,1.0,500,0.7,0.9586666666666668,0.0,0.0,0.0,0.0,503.42038569777776,0.0,0.0,0.0,0.04960000000000004,489687.7609129689,130.58340291012505,0.0,0.0,0.0,0.9504,0.0104,0.009866666666666666,0.009066666666666667,0.020266666666666665
stress_scan,user_num,25,No-EVT,1,25,1.0,1.0,1.0,1.0,500,0.7,0.9594666666666667,0.0,0.0,0.0,0.0,500.078645712,0.0,0.0,0.0,0.049866666666666705,1011875.2837888546,269.8334090103612,0.0,0.0,0.0,0.9501333333333334,0.012,0.009066666666666667,0.010133333333333333,0.018666666666666668
stress_scan,user_num,25,No-EVT,2,25,1.0,1.0,1.0,1.0,500,0.7,0.9586666666666666,0.0,0.0,0.0,0.0,501.63875683377773,0.0,0.0,0.0,0.05093333333333337,958130.740055458,255.50153068145548,0.0,0.0,0.0,0.9490666666666666,0.0104,0.012,0.008266666666666667,0.020266666666666665
stress_scan,user_num,25,C6-Only,1,25,1.0,1.0,1.0,1.0,500,0.7,0.9594666666666667,0.0,0.0,0.0,0.0,500.078645712,0.0,0.0,0.0,0.049866666666666705,1011875.2837888546,269.8334090103612,0.0,0.0,0.0,0.9501333333333334,0.012,0.009066666666666667,0.010133333333333333,0.018666666666666668
stress_scan,user_num,25,C6-Only,2,25,1.0,1.0,1.0,1.0,500,0.7,0.9586666666666666,0.0,0.0,0.0,0.0,501.63875683377773,0.0,0.0,0.0,0.05093333333333337,958130.740055458,255.50153068145548,0.0,0.0,0.0,0.9490666666666666,0.0104,0.012,0.008266666666666667,0.020266666666666665
stress_scan,user_num,25,Lyapunov-Greedy,1,25,1.0,1.0,1.0,1.0,500,0.7,1.0,0.0,0.0,0.0,0.0,519.1517236942223,0.0,0.0,0.0,0.0,1.012500000000002,0.00027000000000000055,0.0,0.0,0.0,1.0,0.0,0.0,0.0,0.0
stress_scan,user_num,25,Lyapunov-Greedy,2,25,1.0,1.0,1.0,1.0,500,0.7,1.0,0.0,0.0,0.0,0.0,519.3963266737777,0.0,0.0,0.0,0.0,1.012500000000002,0.00027000000000000055,0.0,0.0,0.0,1.0,0.0,0.0,0.0,0.0
stress_scan,user_num,25,Non-MEC,1,25,1.0,1.0,1.0,1.0,500,0.7,1.0,0.0,0.0,0.0,0.0,519.1517236942223,0.0,0.0,0.0,0.0,1.012500000000002,0.00027000000000000055,0.0,0.0,0.0,1.0,0.0,0.0,0.0,0.0
stress_scan,user_num,25,Non-MEC,2,25,1.0,1.0,1.0,1.0,500,0.7,1.0,0.0,0.0,0.0,0.0,519.3963266737777,0.0,0.0,0.0,0.0,1.012500000000002,0.00027000000000000055,0.0,0.0,0.0,1.0,0.0,0.0,0.0,0.0
stress_scan,user_num,25,Stand-alone MEC,1,25,1.0,1.0,1.0,1.0,500,0.7,0.264,0.2,0.2,0.2,0.0,64.13589146330241,0.2,1689594.3004280617,18971372736897.15,1.0,4045334.312981899,1078.7558167951731,0.0,0.0,0.0,0.0,0.0,0.0,0.736,0.264
stress_scan,user_num,25,Stand-alone MEC,2,25,1.0,1.0,1.0,1.0,500,0.7,0.2656,0.2,0.2,0.2,0.0,65.73497588532422,0.2,1692949.835783408,18989341359193.22,1.0,4055313.389613808,1081.4169038970156,0.0,0.0,0.0,0.0,0.0,0.0,0.7344,0.2656
stress_scan,user_num,25,Random,1,25,1.0,1.0,1.0,1.0,500,0.7,0.548,0.0,0.0,0.0,0.0,808.6081336081837,0.0,0.0,0.0,0.4992,1991625.477697186,531.1001273859163,0.12026666666666666,0.1328,0.12293333333333334,0.1248,0.11626666666666667,0.12906666666666666,0.12053333333333334,0.13333333333333333
stress_scan,user_num,25,Random,2,25,1.0,1.0,1.0,1.0,500,0.7,0.5421333333333334,0.0,0.0,0.0,0.0,761.9574711581183,0.0,0.0,0.0,0.4981333333333336,2041838.1839689827,544.4901823917287,0.12373333333333333,0.1232,0.12453333333333333,0.1304,0.1352,0.1288,0.11226666666666667,0.12186666666666666
stress_scan,user_num,30,Full,1,30,1.0,1.0,1.0,1.0,500,0.7,0.9584444444444443,0.0,0.0,0.0,0.0,498.0810238245731,0.0,0.0,0.0,0.052444444444444384,646281.9340923391,143.61820757607535,0.0,0.0,0.0,0.9475555555555556,0.011111111111111112,0.010222222222222223,0.012666666666666666,0.018444444444444444
stress_scan,user_num,30,Full,2,30,1.0,1.0,1.0,1.0,500,0.7,0.9586666666666666,0.0,0.0,0.0,0.0,501.916911722963,0.0,0.0,0.0,0.05133333333333327,633225.4197170741,140.7167599371276,0.0,0.0,0.0,0.9486666666666667,0.010222222222222223,0.011111111111111112,0.008,0.022
stress_scan,user_num,30,IQL,1,30,1.0,1.0,1.0,1.0,500,0.7,0.9571111111111112,0.0,0.0,0.0,0.0,504.2971966177777,0.0,0.0,0.0,0.05155555555555551,442187.0819793312,98.26379599540694,0.0,0.0,0.0,0.9484444444444444,0.012222222222222223,0.010888888888888889,0.010666666666666666,0.017777777777777778
stress_scan,user_num,30,IQL,2,30,1.0,1.0,1.0,1.0,500,0.7,0.9606666666666667,0.0,0.0,0.0,0.0,506.1393784962964,0.0,0.0,0.0,0.0473333333333333,375067.37431296636,83.34830540288141,0.0,0.0,0.0,0.9526666666666667,0.010666666666666666,0.009555555555555555,0.008666666666666666,0.018444444444444444
stress_scan,user_num,30,No-EVT,1,30,1.0,1.0,1.0,1.0,500,0.7,0.9584444444444443,0.0,0.0,0.0,0.0,498.0810238245731,0.0,0.0,0.0,0.052444444444444384,646281.9340923391,143.61820757607535,0.0,0.0,0.0,0.9475555555555556,0.011111111111111112,0.010222222222222223,0.012666666666666666,0.018444444444444444
stress_scan,user_num,30,No-EVT,2,30,1.0,1.0,1.0,1.0,500,0.7,0.9586666666666666,0.0,0.0,0.0,0.0,501.916911722963,0.0,0.0,0.0,0.05133333333333327,633225.4197170741,140.7167599371276,0.0,0.0,0.0,0.9486666666666667,0.010222222222222223,0.011111111111111112,0.008,0.022
stress_scan,user_num,30,C6-Only,1,30,1.0,1.0,1.0,1.0,500,0.7,0.9584444444444443,0.0,0.0,0.0,0.0,498.0810238245731,0.0,0.0,0.0,0.052444444444444384,646281.9340923391,143.61820757607535,0.0,0.0,0.0,0.9475555555555556,0.011111111111111112,0.010222222222222223,0.012666666666666666,0.018444444444444444
stress_scan,user_num,30,C6-Only,2,30,1.0,1.0,1.0,1.0,500,0.7,0.9586666666666666,0.0,0.0,0.0,0.0,501.916911722963,0.0,0.0,0.0,0.05133333333333327,633225.4197170741,140.7167599371276,0.0,0.0,0.0,0.9486666666666667,0.010222222222222223,0.011111111111111112,0.008,0.022
stress_scan,user_num,30,Lyapunov-Greedy,1,30,1.0,1.0,1.0,1.0,500,0.7,1.0,0.0,0.0,0.0,0.0,519.3132972177777,0.0,0.0,0.0,0.0,1.2149999999999996,0.0002699999999999999,0.0,0.0,0.0,1.0,0.0,0.0,0.0,0.0
stress_scan,user_num,30,Lyapunov-Greedy,2,30,1.0,1.0,1.0,1.0,500,0.7,1.0,0.0,0.0,0.0,0.0,519.6261193837038,0.0,0.0,0.0,0.0,1.2149999999999996,0.0002699999999999999,0.0,0.0,0.0,1.0,0.0,0.0,0.0,0.0
stress_scan,user_num,30,Non-MEC,1,30,1.0,1.0,1.0,1.0,500,0.7,1.0,0.0,0.0,0.0,0.0,519.3132972177777,0.0,0.0,0.0,0.0,1.2149999999999996,0.0002699999999999999,0.0,0.0,0.0,1.0,0.0,0.0,0.0,0.0
stress_scan,user_num,30,Non-MEC,2,30,1.0,1.0,1.0,1.0,500,0.7,1.0,0.0,0.0,0.0,0.0,519.6261193837038,0.0,0.0,0.0,0.0,1.2149999999999996,0.0002699999999999999,0.0,0.0,0.0,1.0,0.0,0.0,0.0,0.0
stress_scan,user_num,30,Stand-alone MEC,1,30,1.0,1.0,1.0,1.0,500,0.7,0.2,0.6,0.6,0.6,0.6,0.7106025682246858,0.6,18117778.515254058,645595725949913.6,1.0,3001366.9406073624,666.9704312460806,0.0,0.0,0.0,0.0,0.0,0.0,0.8,0.2
stress_scan,user_num,30,Stand-alone MEC,2,30,1.0,1.0,1.0,1.0,500,0.7,0.2,0.6,0.6,0.6,0.6,0.7105521691036576,0.6,18115929.493031833,645294894491574.6,1.0,3003139.1213485715,667.3642491885714,0.0,0.0,0.0,0.0,0.0,0.0,0.8,0.2
stress_scan,user_num,30,Random,1,30,1.0,1.0,1.0,1.0,500,0.7,0.5986666666666667,0.156,0.3333333333333333,0.1,0.0,760.880260051969,0.156,1157585.929102526,8569823968918.707,0.4997777777777777,1498905.3720379788,333.09008267510643,0.13377777777777777,0.11822222222222223,0.12555555555555556,0.12266666666666666,0.12422222222222222,0.12377777777777778,0.12444444444444444,0.12733333333333333
stress_scan,user_num,30,Random,2,30,1.0,1.0,1.0,1.0,500,0.7,0.5966666666666668,0.146,0.3,0.06666666666666667,0.0,739.4344893794603,0.146,1096105.3273277087,7720845090063.988,0.5028888888888889,1506336.3893518036,334.74141985595634,0.12222222222222222,0.12044444444444445,0.12955555555555556,0.12488888888888888,0.13,0.1282222222222222,0.12111111111111111,0.12355555555555556
stress_scan,user_num,35,Full,1,35,1.0,1.0,1.0,1.0,500,0.7,0.9554285714285715,0.06038095238095238,0.11428571428571428,0.0,0.0,500.95868795964844,0.06038095238095238,106596.0517753931,233832868051.4179,0.05599999999999992,549132.2022571927,104.59660995375098,0.0,0.0,0.0,0.944,0.011238095238095238,0.012,0.012952380952380953,0.019809523809523808
stress_scan,user_num,35,Full,2,35,1.0,1.0,1.0,1.0,500,0.7,0.9645714285714285,0.0,0.0,0.0,0.0,507.36885118501317,0.0,0.0,0.0,0.042857142857142774,344303.8545164572,65.58168657456328,0.0,0.0,0.0,0.9571428571428572,0.010095238095238095,0.00819047619047619,0.009523809523809525,0.015047619047619048
stress_scan,user_num,35,IQL,1,35,1.0,1.0,1.0,1.0,500,0.7,0.9577142857142859,0.0,0.0,0.0,0.0,502.89596055365087,0.0,0.0,0.0,0.05219047619047609,533807.359013292,101.677592193008,0.0,0.0,0.0,0.9478095238095238,0.012,0.010857142857142857,0.011047619047619047,0.018285714285714287
stress_scan,user_num,35,IQL,2,35,1.0,1.0,1.0,1.0,500,0.7,0.9626666666666667,0.0,0.0,0.0,0.0,503.6211634146032,0.0,0.0,0.0,0.04419047619047611,465329.4278132317,88.63417672632986,0.0,0.0,0.0,0.9558095238095238,0.010095238095238095,0.008571428571428572,0.009523809523809525,0.016
stress_scan,user_num,35,No-EVT,1,35,1.0,1.0,1.0,1.0,500,0.7,0.9563809523809524,0.06038095238095238,0.11428571428571428,0.0,0.0,500.96543368239537,0.06038095238095238,79390.0200535845,88075335050.19421,0.0544761904761904,549128.8123007031,104.59596424775297,0.0,0.0,0.0,0.9455238095238095,0.011619047619047619,0.010666666666666666,0.012952380952380953,0.019238095238095238
stress_scan,user_num,35,No-EVT,2,35,1.0,1.0,1.0,1.0,500,0.7,0.9645714285714285,0.0,0.0,0.0,0.0,507.36885118501317,0.0,0.0,0.0,0.042857142857142774,344303.8545164572,65.58168657456328,0.0,0.0,0.0,0.9571428571428572,0.010095238095238095,0.00819047619047619,0.009523809523809525,0.015047619047619048
stress_scan,user_num,35,C6-Only,1,35,1.0,1.0,1.0,1.0,500,0.7,0.9563809523809524,0.06038095238095238,0.11428571428571428,0.0,0.0,500.96543368239537,0.06038095238095238,79390.0200535845,88075335050.19421,0.0544761904761904,549128.8123007031,104.59596424775297,0.0,0.0,0.0,0.9455238095238095,0.011619047619047619,0.010666666666666666,0.012952380952380953,0.019238095238095238
stress_scan,user_num,35,C6-Only,2,35,1.0,1.0,1.0,1.0,500,0.7,0.9645714285714285,0.0,0.0,0.0,0.0,507.36885118501317,0.0,0.0,0.0,0.042857142857142774,344303.8545164572,65.58168657456328,0.0,0.0,0.0,0.9571428571428572,0.010095238095238095,0.00819047619047619,0.009523809523809525,0.015047619047619048
stress_scan,user_num,35,Lyapunov-Greedy,1,35,1.0,1.0,1.0,1.0,500,0.7,1.0,0.0,0.0,0.0,0.0,519.3079565473015,0.0,0.0,0.0,0.0,1.4174999999999962,0.0002699999999999993,0.0,0.0,0.0,1.0,0.0,0.0,0.0,0.0
stress_scan,user_num,35,Lyapunov-Greedy,2,35,1.0,1.0,1.0,1.0,500,0.7,1.0,0.0,0.0,0.0,0.0,519.4447078679365,0.0,0.0,0.0,0.0,1.4174999999999962,0.0002699999999999993,0.0,0.0,0.0,1.0,0.0,0.0,0.0,0.0
stress_scan,user_num,35,Non-MEC,1,35,1.0,1.0,1.0,1.0,500,0.7,1.0,0.0,0.0,0.0,0.0,519.3079565473015,0.0,0.0,0.0,0.0,1.4174999999999962,0.0002699999999999993,0.0,0.0,0.0,1.0,0.0,0.0,0.0,0.0
stress_scan,user_num,35,Non-MEC,2,35,1.0,1.0,1.0,1.0,500,0.7,1.0,0.0,0.0,0.0,0.0,519.4447078679365,0.0,0.0,0.0,0.0,1.4174999999999962,0.0002699999999999993,0.0,0.0,0.0,1.0,0.0,0.0,0.0,0.0
stress_scan,user_num,35,Stand-alone MEC,1,35,1.0,1.0,1.0,1.0,500,0.7,0.4,0.6,0.6,0.6,0.6,1.282986158311334,0.6,28974815.660693746,1515257091955203.5,1.0,2572248.628476479,489.9521197098055,0.0,0.0,0.0,0.0,0.0,0.0,0.6,0.4
stress_scan,user_num,35,Stand-alone MEC,2,35,1.0,1.0,1.0,1.0,500,0.7,0.4,0.6,0.6,0.6,0.6,1.2838090102697124,0.6,28975250.3083128,1515419980386957.8,1.0,2571523.7004290563,489.8140381769631,0.0,0.0,0.0,0.0,0.0,0.0,0.6,0.4
stress_scan,user_num,35,Random,1,35,1.0,1.0,1.0,1.0,500,0.7,0.6051428571428571,0.42723809523809525,0.6,0.3142857142857143,0.2,775.9914779095769,0.42723809523809525,4152251.532616856,47817706326264.72,0.5019047619047616,1286808.8632090827,245.10645013506337,0.13123809523809524,0.1158095238095238,0.12723809523809523,0.12380952380952381,0.12704761904761905,0.12114285714285715,0.13066666666666665,0.12304761904761904
stress_scan,user_num,35,Random,2,35,1.0,1.0,1.0,1.0,500,0.7,0.6057142857142856,0.42495238095238097,0.6,0.2571428571428571,0.2,753.5708105412862,0.42495238095238097,4151502.1650488996,46845509729120.72,0.4967619047619044,1281216.7110412987,244.04127829358072,0.12857142857142856,0.12552380952380954,0.12057142857142857,0.12857142857142856,0.11923809523809524,0.1260952380952381,0.12323809523809524,0.1281904761904762
stress_scan,user_num,40,Full,1,40,1.0,1.0,1.0,1.0,500,0.7,0.9658333333333333,0.12033333333333333,0.125,0.05,0.025,498.876844925879,0.12033333333333333,905672.6941569112,9163825178556.395,0.06900000000000008,374538.5426764713,62.42309044607855,0.0,0.0,0.0,0.931,0.010166666666666666,0.007666666666666666,0.008333333333333333,0.042833333333333334
stress_scan,user_num,40,Full,2,40,1.0,1.0,1.0,1.0,500,0.7,0.9521666666666668,0.11683333333333334,0.175,0.05,0.025,504.70503388131317,0.11683333333333334,776476.6337075647,9007823948629.47,0.06633333333333336,511868.93213957344,85.31148868992891,0.0,0.0,0.0,0.9336666666666666,0.0165,0.0085,0.011333333333333334,0.03
stress_scan,user_num,40,IQL,1,40,1.0,1.0,1.0,1.0,500,0.7,0.9546666666666667,0.04966666666666667,0.05,0.05,0.05,502.46531634127604,0.04966666666666667,536264.4226119153,6884780014248.163,0.06716666666666671,388243.13861974346,64.70718976995724,0.0,0.0,0.0,0.9328333333333333,0.010333333333333333,0.012333333333333333,0.013833333333333333,0.030666666666666665
stress_scan,user_num,40,IQL,2,40,1.0,1.0,1.0,1.0,500,0.7,0.9543333333333333,0.0,0.0,0.0,0.0,506.72657576655655,0.0,0.0,0.0,0.05333333333333336,287932.50919403654,47.98875153233942,0.0,0.0,0.0,0.9466666666666667,0.013166666666666667,0.008666666666666666,0.012166666666666666,0.019333333333333334
stress_scan,user_num,40,No-EVT,1,40,1.0,1.0,1.0,1.0,500,0.7,0.9663333333333334,0.12033333333333333,0.125,0.05,0.0,498.91030764478455,0.12033333333333333,702885.3230111791,4853743613993.117,0.061333333333333385,374527.32325263316,62.42122054210552,0.0,0.0,0.0,0.9386666666666666,0.009666666666666667,0.007666666666666666,0.0085,0.0355
stress_scan,user_num,40,No-EVT,2,40,1.0,1.0,1.0,1.0,500,0.7,0.9523333333333334,0.11916666666666667,0.175,0.05,0.025,504.7103099378939,0.11916666666666667,747697.6965116563,7785497971742.961,0.0651666666666667,511864.84732512763,85.31080788752128,0.0,0.0,0.0,0.9348333333333333,0.016833333333333332,0.0085,0.011333333333333334,0.0285
stress_scan,user_num,40,C6-Only,1,40,1.0,1.0,1.0,1.0,500,0.7,0.9663333333333334,0.12033333333333333,0.125,0.05,0.0,498.91100602698464,0.12033333333333333,696924.7271296239,4785363516633.224,0.061166666666666716,374527.1343067001,62.421189051116684,0.0,0.0,0.0,0.9388333333333333,0.009666666666666667,0.007666666666666666,0.0085,0.035333333333333335
stress_scan,user_num,40,C6-Only,2,40,1.0,1.0,1.0,1.0,500,0.7,0.9538333333333334,0.11683333333333334,0.175,0.05,0.025,504.72261752454415,0.11683333333333334,636142.1243743852,6251458065458.271,0.06250000000000004,511857.07220176584,85.30951203362764,0.0,0.0,0.0,0.9375,0.01633333333333333,0.008833333333333334,0.011333333333333334,0.026
stress_scan,user_num,40,Lyapunov-Greedy,1,40,1.0,1.0,1.0,1.0,500,0.7,1.0,0.0,0.0,0.0,0.0,519.3932118055557,0.0,0.0,0.0,0.0,1.6199999999999963,0.0002699999999999994,0.0,0.0,0.0,1.0,0.0,0.0,0.0,0.0
stress_scan,user_num,40,Lyapunov-Greedy,2,40,1.0,1.0,1.0,1.0,500,0.7,1.0,0.0,0.0,0.0,0.0,519.4625081833334,0.0,0.0,0.0,0.0,1.6199999999999963,0.0002699999999999994,0.0,0.0,0.0,1.0,0.0,0.0,0.0,0.0
stress_scan,user_num,40,Non-MEC,1,40,1.0,1.0,1.0,1.0,500,0.7,1.0,0.0,0.0,0.0,0.0,519.3932118055557,0.0,0.0,0.0,0.0,1.6199999999999963,0.0002699999999999994,0.0,0.0,0.0,1.0,0.0,0.0,0.0,0.0
stress_scan,user_num,40,Non-MEC,2,40,1.0,1.0,1.0,1.0,500,0.7,1.0,0.0,0.0,0.0,0.0,519.4625081833334,0.0,0.0,0.0,0.0,1.6199999999999963,0.0002699999999999994,0.0,0.0,0.0,1.0,0.0,0.0,0.0,0.0
stress_scan,user_num,40,Stand-alone MEC,1,40,1.0,1.0,1.0,1.0,500,0.7,0.5226666666666666,0.7701666666666667,1.0,0.6,0.6,2.022085669583217,0.7701666666666667,38380823.79397108,2437506722486994.0,1.0,2250218.9501228654,375.03649168714423,0.0,0.0,0.0,0.0,0.0,0.0,0.47733333333333333,0.5226666666666666
stress_scan,user_num,40,Stand-alone MEC,2,40,1.0,1.0,1.0,1.0,500,0.7,0.5226666666666666,0.7709999999999999,1.0,0.6,0.6,2.0226267306264525,0.7709999999999999,38371227.46607345,2434808046665275.0,1.0,2251047.945499176,375.17465758319605,0.0,0.0,0.0,0.0,0.0,0.0,0.47733333333333333,0.5226666666666666
stress_scan,user_num,40,Random,1,40,1.0,1.0,1.0,1.0,500,0.7,0.7011666666666667,0.5653333333333334,0.6,0.55,0.375,773.4729558249468,0.5653333333333334,7291458.033365307,121002321201725.72,0.4981666666666668,1114781.0219858992,185.79683699764988,0.13066666666666665,0.12366666666666666,0.1265,0.121,0.12583333333333332,0.11933333333333333,0.12866666666666668,0.12433333333333334
stress_scan,user_num,40,Random,2,40,1.0,1.0,1.0,1.0,500,0.7,0.7,0.5743333333333334,0.6,0.6,0.325,771.1057753109516,0.5743333333333334,7234410.144758591,119039705077094.83,0.5014999999999997,1131086.1355499,188.5143559249833,0.128,0.1275,0.116,0.127,0.12066666666666667,0.128,0.12466666666666666,0.12816666666666668
