experiment,scenario,value,policy,seed,user_num,load_scale,bw_scale,f_scale,tmax_scale,episodes,warmup_ratio,p_c5_viol,p_c6_viol,p_c7_viol,p_c8_viol,mean_c5_excess_ratio,mean_overflow_prob,mean_m1_excess_cond,mean_m2_excess_cond,mean_offload_ratio,total_energy,avg_energy_per_slot_user,action_0_ratio,action_1_ratio,action_2_ratio,action_3_ratio,action_4_ratio,action_5_ratio,action_6_ratio,action_7_ratio
stress_scan,load_scale,0.5,Full,1,15,0.5,1.0,1.0,1.0,10,0.5,1.0,0.0,0.0,0.0,126.76132771461599,0.0,0.0,0.0,0.5466666666666666,2.1972515197677134,0.02929668693023618,0.0,0.0,0.0,0.4533333333333333,0.0,0.0,0.0,0.5466666666666666
stress_scan,load_scale,0.5,IQL,1,15,0.5,1.0,1.0,1.0,10,0.5,1.0,0.0,0.0,0.0,155.2178758456584,0.0,0.0,0.0,0.49333333333333335,1.6431357751356108,0.021908477001808143,0.0,0.0,0.0,0.5066666666666667,0.0,0.0,0.0,0.49333333333333335
stress_scan,load_scale,0.5,No-EVT,1,15,0.5,1.0,1.0,1.0,10,0.5,1.0,0.0,0.0,0.0,126.76132771461599,0.0,0.0,0.0,0.5466666666666666,2.1972515197677134,0.02929668693023618,0.0,0.0,0.0,0.4533333333333333,0.0,0.0,0.0,0.5466666666666666
stress_scan,load_scale,0.5,Lyapunov-Greedy,1,15,0.5,1.0,1.0,1.0,10,0.5,1.0,0.0,0.0,0.0,256.8595083111111,0.0,0.0,0.0,0.0,0.020249999999999994,0.0002699999999999999,0.0,0.0,0.0,1.0,0.0,0.0,0.0,0.0
stress_scan,load_scale,0.5,Non-MEC,1,15,0.5,1.0,1.0,1.0,10,0.5,1.0,0.0,0.0,0.0,256.8595083111111,0.0,0.0,0.0,0.0,0.020249999999999994,0.0002699999999999999,0.0,0.0,0.0,1.0,0.0,0.0,0.0,0.0
stress_scan,load_scale,0.5,Stand-alone MEC,1,15,0.5,1.0,1.0,1.0,10,0.5,0.8,0.0,0.0,0.0,13.569286743221205,0.0,0.0,0.0,1.0,0.8942096602849288,0.011922795470465717,0.0,0.0,0.0,0.0,0.0,0.0,0.2,0.8
stress_scan,load_scale,0.5,Random,1,15,0.5,1.0,1.0,1.0,10,0.5,0.8933333333333333,0.0,0.0,0.0,333.14797742473365,0.0,0.0,0.0,0.5333333333333334,0.23907755660893404,0.003187700754785787,0.13333333333333333,0.10666666666666667,0.09333333333333334,0.13333333333333333,0.10666666666666667,0.12,0.10666666666666667,0.2
stress_scan,load_scale,1.0,Full,1,15,1.0,1.0,1.0,1.0,10,0.5,1.0,0.0,0.0,0.0,278.65237821297484,0.0,0.0,0.0,0.5066666666666667,3.838439696125117,0.051179195948334893,0.0,0.0,0.0,0.49333333333333335,0.0,0.0,0.0,0.5066666666666667
stress_scan,load_scale,1.0,IQL,1,15,1.0,1.0,1.0,1.0,10,0.5,1.0,0.0,0.0,0.0,311.4447126241997,0.0,0.0,0.0,0.49333333333333335,3.276011550271222,0.043680154003616294,0.0,0.0,0.0,0.5066666666666667,0.0,0.0,0.0,0.49333333333333335
stress_scan,load_scale,1.0,No-EVT,1,15,1.0,1.0,1.0,1.0,10,0.5,1.0,0.0,0.0,0.0,278.65237821297484,0.0,0.0,0.0,0.5066666666666667,3.838439696125117,0.051179195948334893,0.0,0.0,0.0,0.49333333333333335,0.0,0.0,0.0,0.5066666666666667
stress_scan,load_scale,1.0,Lyapunov-Greedy,1,15,1.0,1.0,1.0,1.0,10,0.5,1.0,0.0,0.0,0.0,514.7190166222222,0.0,0.0,0.0,0.0,0.020249999999999994,0.0002699999999999999,0.0,0.0,0.0,1.0,0.0,0.0,0.0,0.0
stress_scan,load_scale,1.0,Non-MEC,1,15,1.0,1.0,1.0,1.0,10,0.5,1.0,0.0,0.0,0.0,514.7190166222222,0.0,0.0,0.0,0.0,0.020249999999999994,0.0002699999999999999,0.0,0.0,0.0,1.0,0.0,0.0,0.0,0.0
stress_scan,load_scale,1.0,Stand-alone MEC,1,15,1.0,1.0,1.0,1.0,10,0.5,0.8,0.0,0.0,0.0,27.99137348644241,0.0,0.0,0.0,1.0,1.7884193205698575,0.023845590940931433,0.0,0.0,0.0,0.0,0.0,0.0,0.2,0.8
stress_scan,load_scale,1.0,Random,1,15,1.0,1.0,1.0,1.0,10,0.5,0.9066666666666666,0.0,0.0,0.0,667.2099587516481,0.0,0.0,0.0,0.5333333333333334,0.4748026132178681,0.006330701509571574,0.13333333333333333,0.10666666666666667,0.09333333333333334,0.13333333333333333,0.10666666666666667,0.12,0.10666666666666667,0.2
stress_scan,load_scale,1.5,Full,1,15,1.5,1.0,1.0,1.0,10,0.5,1.0,0.0,0.0,0.0,418.4848859785718,0.0,0.0,0.0,0.5066666666666667,5.752664544187676,0.07670219392250234,0.0,0.0,0.0,0.49333333333333335,0.0,0.0,0.0,0.5066666666666667
stress_scan,load_scale,1.5,IQL,1,15,1.5,1.0,1.0,1.0,10,0.5,1.0,0.0,0.0,0.0,467.67154940274105,0.0,0.0,0.0,0.49333333333333335,4.908887325406833,0.06545183100542444,0.0,0.0,0.0,0.5066666666666667,0.0,0.0,0.0,0.49333333333333335
stress_scan,load_scale,1.5,No-EVT,1,15,1.5,1.0,1.0,1.0,10,0.5,1.0,0.0,0.0,0.0,418.4848859785718,0.0,0.0,0.0,0.5066666666666667,5.752664544187676,0.07670219392250234,0.0,0.0,0.0,0.49333333333333335,0.0,0.0,0.0,0.5066666666666667
stress_scan,load_scale,1.5,Lyapunov-Greedy,1,15,1.5,1.0,1.0,1.0,10,0.5,1.0,0.0,0.0,0.0,772.5785249333333,0.0,0.0,0.0,0.0,0.020249999999999994,0.0002699999999999999,0.0,0.0,0.0,1.0,0.0,0.0,0.0,0.0
stress_scan,load_scale,1.5,Non-MEC,1,15,1.5,1.0,1.0,1.0,10,0.5,1.0,0.0,0.0,0.0,772.5785249333333,0.0,0.0,0.0,0.0,0.020249999999999994,0.0002699999999999999,0.0,0.0,0.0,1.0,0.0,0.0,0.0,0.0
stress_scan,load_scale,1.5,Stand-alone MEC,1,15,1.5,1.0,1.0,1.0,10,0.5,0.84,0.0,0.0,0.0,42.41386903155914,0.0,0.0,0.0,1.0,2.7169218510412425,0.0362256246805499,0.0,0.0,0.0,0.0,0.0,0.0,0.16,0.84
stress_scan,load_scale,1.5,Random,1,15,1.5,1.0,1.0,1.0,10,0.5,0.9066666666666666,0.0,0.0,0.0,1001.2756690798531,0.0,0.0,0.0,0.5333333333333334,0.7105276698268024,0.009473702264357365,0.13333333333333333,0.10666666666666667,0.09333333333333334,0.13333333333333333,0.10666666666666667,0.12,0.10666666666666667,0.2
stress_scan,load_scale,2.0,Full,1,15,2.0,1.0,1.0,1.0,10,0.5,1.0,0.0,0.0,0.0,558.3173937441687,0.0,0.0,0.0,0.5066666666666667,7.6668893922502335,0.10222519189666977,0.0,0.0,0.0,0.49333333333333335,0.0,0.0,0.0,0.5066666666666667
stress_scan,load_scale,2.0,IQL,1,15,2.0,1.0,1.0,1.0,10,0.5,1.0,0.0,0.0,0.0,623.8983861812825,0.0,0.0,0.0,0.49333333333333335,6.541763100542443,0.08722350800723258,0.0,0.0,0.0,0.5066666666666667,0.0,0.0,0.0,0.49333333333333335
stress_scan,load_scale,2.0,No-EVT,1,15,2.0,1.0,1.0,1.0,10,0.5,1.0,0.0,0.0,0.0,558.3173937441687,0.0,0.0,0.0,0.5066666666666667,7.6668893922502335,0.10222519189666977,0.0,0.0,0.0,0.49333333333333335,0.0,0.0,0.0,0.5066666666666667
stress_scan,load_scale,2.0,Lyapunov-Greedy,1,15,2.0,1.0,1.0,1.0,10,0.5,1.0,0.0,0.0,0.0,1030.4380332444441,0.0,0.0,0.0,0.0,0.020249999999999994,0.0002699999999999999,0.0,0.0,0.0,1.0,0.0,0.0,0.0,0.0
stress_scan,load_scale,2.0,Non-MEC,1,15,2.0,1.0,1.0,1.0,10,0.5,1.0,0.0,0.0,0.0,1030.4380332444441,0.0,0.0,0.0,0.0,0.020249999999999994,0.0002699999999999999,0.0,0.0,0.0,1.0,0.0,0.0,0.0,0.0
stress_scan,load_scale,2.0,Stand-alone MEC,1,15,2.0,1.0,1.0,1.0,10,0.5,0.9199999999999999,0.0,0.0,0.0,56.86003786368433,0.0,0.0,0.0,1.0,3.7142736869197392,0.04952364915892986,0.0,0.0,0.0,0.0,0.0,0.0,0.08,0.92
stress_scan,load_scale,2.0,Random,1,15,2.0,1.0,1.0,1.0,10,0.5,0.9066666666666666,0.0,0.0,0.0,1335.341379408058,0.0,0.0,0.0,0.5333333333333334,0.9462527264357363,0.01261670301914315,0.13333333333333333,0.10666666666666667,0.09333333333333334,0.13333333333333333,0.10666666666666667,0.12,0.10666666666666667,0.2
stress_scan,f_scale,0.4,Full,1,15,1.0,1.0,0.4,1.0,10,0.5,1.0,0.0,0.0,0.0,290.42643658359486,0.0,0.0,0.0,0.5066666666666667,3.4593534411121567,0.04612471254816209,0.0,0.0,0.0,0.49333333333333335,0.0,0.0,0.0,0.5066666666666667
stress_scan,f_scale,0.4,IQL,1,15,1.0,1.0,0.4,1.0,10,0.5,1.0,0.0,0.0,0.0,322.62449386201973,0.0,0.0,0.0,0.49333333333333335,2.956535208995982,0.03942046945327976,0.0,0.0,0.0,0.5066666666666667,0.0,0.0,0.0,0.49333333333333335
stress_scan,f_scale,0.4,No-EVT,1,15,1.0,1.0,0.4,1.0,10,0.5,1.0,0.0,0.0,0.0,290.42643658359486,0.0,0.0,0.0,0.5066666666666667,3.4593534411121567,0.04612471254816209,0.0,0.0,0.0,0.49333333333333335,0.0,0.0,0.0,0.5066666666666667
stress_scan,f_scale,0.4,Lyapunov-Greedy,1,15,1.0,1.0,0.4,1.0,10,0.5,1.0,0.0,0.0,0.0,514.7190166222222,0.0,0.0,0.0,0.0,0.020249999999999994,0.0002699999999999999,0.0,0.0,0.0,1.0,0.0,0.0,0.0,0.0
stress_scan,f_scale,0.4,Non-MEC,1,15,1.0,1.0,0.4,1.0,10,0.5,1.0,0.0,0.0,0.0,514.7190166222222,0.0,0.0,0.0,0.0,0.020249999999999994,0.0002699999999999999,0.0,0.0,0.0,1.0,0.0,0.0,0.0,0.0
stress_scan,f_scale,0.4,Stand-alone MEC,1,15,1.0,1.0,0.4,1.0,10,0.5,0.9600000000000001,0.0,0.0,0.0,71.20120939435124,0.0,0.0,0.0,1.0,1.4957546879900743,0.019943395839867657,0.0,0.0,0.0,0.0,0.0,0.0,0.04,0.96
stress_scan,f_scale,0.4,Random,1,15,1.0,1.0,0.4,1.0,10,0.5,0.92,0.0,0.0,0.0,680.3057295989473,0.0,0.0,0.0,0.5333333333333334,0.2715760088445348,0.003621013451260464,0.13333333333333333,0.10666666666666667,0.09333333333333334,0.13333333333333333,0.10666666666666667,0.12,0.10666666666666667,0.2
stress_scan,f_scale,0.6,Full,1,15,1.0,1.0,0.6,1.0,10,0.5,1.0,0.0,0.0,0.0,283.88529304436156,0.0,0.0,0.0,0.5066666666666667,3.5496120732580994,0.047328160976774655,0.0,0.0,0.0,0.49333333333333335,0.0,0.0,0.0,0.5066666666666667
stress_scan,f_scale,0.6,IQL,1,15,1.0,1.0,0.6,1.0,10,0.5,1.0,0.0,0.0,0.0,316.41350428545314,0.0,0.0,0.0,0.49333333333333335,3.032601004537705,0.040434680060502735,0.0,0.0,0.0,0.5066666666666667,0.0,0.0,0.0,0.49333333333333335
stress_scan,f_scale,0.6,No-EVT,1,15,1.0,1.0,0.6,1.0,10,0.5,1.0,0.0,0.0,0.0,283.88529304436156,0.0,0.0,0.0,0.5066666666666667,3.5496120732580994,0.047328160976774655,0.0,0.0,0.0,0.49333333333333335,0.0,0.0,0.0,0.5066666666666667
stress_scan,f_scale,0.6,Lyapunov-Greedy,1,15,1.0,1.0,0.6,1.0,10,0.5,1.0,0.0,0.0,0.0,514.7190166222222,0.0,0.0,0.0,0.0,0.020249999999999994,0.0002699999999999999,0.0,0.0,0.0,1.0,0.0,0.0,0.0,0.0
stress_scan,f_scale,0.6,Non-MEC,1,15,1.0,1.0,0.6,1.0,10,0.5,1.0,0.0,0.0,0.0,514.7190166222222,0.0,0.0,0.0,0.0,0.020249999999999994,0.0002699999999999999,0.0,0.0,0.0,1.0,0.0,0.0,0.0,0.0
stress_scan,f_scale,0.6,Stand-alone MEC,1,15,1.0,1.0,0.6,1.0,10,0.5,0.8800000000000001,0.0,0.0,0.0,47.17139174484363,0.0,0.0,0.0,1.0,1.5414569197124952,0.020552758929499936,0.0,0.0,0.0,0.0,0.0,0.0,0.12,0.88
stress_scan,f_scale,0.6,Random,1,15,1.0,1.0,0.6,1.0,10,0.5,0.9066666666666666,0.0,0.0,0.0,673.0294863356478,0.0,0.0,0.0,0.5333333333333334,0.3199632956000904,0.004266177274667872,0.13333333333333333,0.10666666666666667,0.09333333333333334,0.13333333333333333,0.10666666666666667,0.12,0.10666666666666667,0.2
stress_scan,f_scale,0.8,Full,1,15,1.0,1.0,0.8,1.0,10,0.5,1.0,0.0,0.0,0.0,280.6147212747448,0.0,0.0,0.0,0.5066666666666667,3.67597415826242,0.049012988776832266,0.0,0.0,0.0,0.49333333333333335,0.0,0.0,0.0,0.5066666666666667
stress_scan,f_scale,0.8,IQL,1,15,1.0,1.0,0.8,1.0,10,0.5,1.0,0.0,0.0,0.0,313.3080094971698,0.0,0.0,0.0,0.49333333333333335,3.139093118296119,0.04185457491061492,0.0,0.0,0.0,0.5066666666666667,0.0,0.0,0.0,0.49333333333333335
stress_scan,f_scale,0.8,No-EVT,1,15,1.0,1.0,0.8,1.0,10,0.5,1.0,0.0,0.0,0.0,280.6147212747448,0.0,0.0,0.0,0.5066666666666667,3.67597415826242,0.049012988776832266,0.0,0.0,0.0,0.49333333333333335,0.0,0.0,0.0,0.5066666666666667
stress_scan,f_scale,0.8,Lyapunov-Greedy,1,15,1.0,1.0,0.8,1.0,10,0.5,1.0,0.0,0.0,0.0,514.7190166222222,0.0,0.0,0.0,0.0,0.020249999999999994,0.0002699999999999999,0.0,0.0,0.0,1.0,0.0,0.0,0.0,0.0
stress_scan,f_scale,0.8,Non-MEC,1,15,1.0,1.0,0.8,1.0,10,0.5,1.0,0.0,0.0,0.0,514.7190166222222,0.0,0.0,0.0,0.0,0.020249999999999994,0.0002699999999999999,0.0,0.0,0.0,1.0,0.0,0.0,0.0,0.0
stress_scan,f_scale,0.8,Stand-alone MEC,1,15,1.0,1.0,0.8,1.0,10,0.5,0.8,0.0,0.0,0.0,35.1820107849424,0.0,0.0,0.0,1.0,1.6237422824898573,0.021649897099864764,0.0,0.0,0.0,0.0,0.0,0.0,0.2,0.8
stress_scan,f_scale,0.8,Random,1,15,1.0,1.0,0.8,1.0,10,0.5,0.9066666666666666,0.0,0.0,0.0,669.3922815956479,0.0,0.0,0.0,0.5333333333333334,0.3877054970578682,0.0051694066274382425,0.13333333333333333,0.10666666666666667,0.09333333333333334,0.13333333333333333,0.10666666666666667,0.12,0.10666666666666667,0.2
stress_scan,f_scale,1.0,Full,1,15,1.0,1.0,1.0,1.0,10,0.5,1.0,0.0,0.0,0.0,278.65237821297484,0.0,0.0,0.0,0.5066666666666667,3.838439696125117,0.051179195948334893,0.0,0.0,0.0,0.49333333333333335,0.0,0.0,0.0,0.5066666666666667
stress_scan,f_scale,1.0,IQL,1,15,1.0,1.0,1.0,1.0,10,0.5,1.0,0.0,0.0,0.0,311.4447126241997,0.0,0.0,0.0,0.49333333333333335,3.276011550271222,0.043680154003616294,0.0,0.0,0.0,0.5066666666666667,0.0,0.0,0.0,0.49333333333333335
stress_scan,f_scale,1.0,No-EVT,1,15,1.0,1.0,1.0,1.0,10,0.5,1.0,0.0,0.0,0.0,278.65237821297484,0.0,0.0,0.0,0.5066666666666667,3.838439696125117,0.051179195948334893,0.0,0.0,0.0,0.49333333333333335,0.0,0.0,0.0,0.5066666666666667
stress_scan,f_scale,1.0,Lyapunov-Greedy,1,15,1.0,1.0,1.0,1.0,10,0.5,1.0,0.0,0.0,0.0,514.7190166222222,0.0,0.0,0.0,0.0,0.020249999999999994,0.0002699999999999999,0.0,0.0,0.0,1.0,0.0,0.0,0.0,0.0
stress_scan,f_scale,1.0,Non-MEC,1,15,1.0,1.0,1.0,1.0,10,0.5,1.0,0.0,0.0,0.0,514.7190166222222,0.0,0.0,0.0,0.0,0.020249999999999994,0.0002699999999999999,0.0,0.0,0.0,1.0,0.0,0.0,0.0,0.0
stress_scan,f_scale,1.0,Stand-alone MEC,1,15,1.0,1.0,1.0,1.0,10,0.5,0.8,0.0,0.0,0.0,27.99137348644241,0.0,0.0,0.0,1.0,1.7884193205698575,0.023845590940931433,0.0,0.0,0.0,0.0,0.0,0.0,0.2,0.8
stress_scan,f_scale,1.0,Random,1,15,1.0,1.0,1.0,1.0,10,0.5,0.9066666666666666,0.0,0.0,0.0,667.2099587516481,0.0,0.0,0.0,0.5333333333333334,0.4748026132178681,0.006330701509571574,0.13333333333333333,0.10666666666666667,0.09333333333333334,0.13333333333333333,0.10666666666666667,0.12,0.10666666666666667,0.2
stress_scan,f_scale,1.2,Full,1,15,1.0,1.0,1.2,1.0,10,0.5,1.0,0.0,0.0,0.0,277.34414950512814,0.0,0.0,0.0,0.5066666666666667,4.037008686846192,0.05382678249128255,0.0,0.0,0.0,0.49333333333333335,0.0,0.0,0.0,0.5066666666666667
stress_scan,f_scale,1.2,IQL,1,15,1.0,1.0,1.2,1.0,10,0.5,1.0,0.0,0.0,0.0,310.2025147088864,0.0,0.0,0.0,0.49333333333333335,3.4433563004630146,0.04591141733950686,0.0,0.0,0.0,0.5066666666666667,0.0,0.0,0.0,0.49333333333333335
stress_scan,f_scale,1.2,No-EVT,1,15,1.0,1.0,1.2,1.0,10,0.5,1.0,0.0,0.0,0.0,277.34414950512814,0.0,0.0,0.0,0.5066666666666667,4.037008686846192,0.05382678249128255,0.0,0.0,0.0,0.49333333333333335,0.0,0.0,0.0,0.5066666666666667
stress_scan,f_scale,1.2,Lyapunov-Greedy,1,15,1.0,1.0,1.2,1.0,10,0.5,1.0,0.0,0.0,0.0,514.7190166222222,0.0,0.0,0.0,0.0,0.020249999999999994,0.0002699999999999999,0.0,0.0,0.0,1.0,0.0,0.0,0.0,0.0
stress_scan,f_scale,1.2,Non-MEC,1,15,1.0,1.0,1.2,1.0,10,0.5,1.0,0.0,0.0,0.0,514.7190166222222,0.0,0.0,0.0,0.0,0.020249999999999994,0.0002699999999999999,0.0,0.0,0.0,1.0,0.0,0.0,0.0,0.0
stress_scan,f_scale,1.2,Stand-alone MEC,1,15,1.0,1.0,1.2,1.0,10,0.5,0.8,0.0,0.0,0.0,23.197615287442407,0.0,0.0,0.0,1.0,1.989691256000969,0.026529216746679588,0.0,0.0,0.0,0.0,0.0,0.0,0.2,0.8
stress_scan,f_scale,1.2,Random,1,15,1.0,1.0,1.2,1.0,10,0.5,0.9066666666666666,0.0,0.0,0.0,665.755076855648,0.0,0.0,0.0,0.5333333333333334,0.5812546440800905,0.007750061921067874,0.13333333333333333,0.10666666666666667,0.09333333333333334,0.13333333333333333,0.10666666666666667,0.12,0.10666666666666667,0.2
stress_scan,f_scale,1.4,Full,1,15,1.0,1.0,1.4,1.0,10,0.5,1.0,0.0,0.0,0.0,276.40970042809477,0.0,0.0,0.0,0.5066666666666667,4.271681130425644,0.05695574840567525,0.0,0.0,0.0,0.49333333333333335,0.0,0.0,0.0,0.5066666666666667
stress_scan,f_scale,1.4,IQL,1,15,1.0,1.0,1.4,1.0,10,0.5,1.0,0.0,0.0,0.0,309.31523048366256,0.0,0.0,0.0,0.49333333333333335,3.6411273688714965,0.04854836491828662,0.0,0.0,0.0,0.5066666666666667,0.0,0.0,0.0,0.49333333333333335
stress_scan,f_scale,1.4,No-EVT,1,15,1.0,1.0,1.4,1.0,10,0.5,1.0,0.0,0.0,0.0,276.40970042809477,0.0,0.0,0.0,0.5066666666666667,4.271681130425644,0.05695574840567525,0.0,0.0,0.0,0.49333333333333335,0.0,0.0,0.0,0.5066666666666667
stress_scan,f_scale,1.4,Lyapunov-Greedy,1,15,1.0,1.0,1.4,1.0,10,0.5,1.0,0.0,0.0,0.0,514.7190166222222,0.0,0.0,0.0,0.0,0.020249999999999994,0.0002699999999999999,0.0,0.0,0.0,1.0,0.0,0.0,0.0,0.0
stress_scan,f_scale,1.4,Non-MEC,1,15,1.0,1.0,1.4,1.0,10,0.5,1.0,0.0,0.0,0.0,514.7190166222222,0.0,0.0,0.0,0.0,0.020249999999999994,0.0002699999999999999,0.0,0.0,0.0,1.0,0.0,0.0,0.0,0.0
stress_scan,f_scale,1.4,Stand-alone MEC,1,15,1.0,1.0,1.4,1.0,10,0.5,0.8,0.0,0.0,0.0,19.773502288156685,0.0,0.0,0.0,1.0,2.227558088783191,0.029700774517109216,0.0,0.0,0.0,0.0,0.0,0.0,0.2,0.8
stress_scan,f_scale,1.4,Random,1,15,1.0,1.0,1.4,1.0,10,0.5,0.9066666666666666,0.0,0.0,0.0,664.7158755013621,0.0,0.0,0.0,0.5333333333333334,0.7070615896445348,0.00942748786192713,0.13333333333333333,0.10666666666666667,0.09333333333333334,0.13333333333333333,0.10666666666666667,0.12,0.10666666666666667,0.2
stress_scan,user_num,5,Full,1,5,1.0,1.0,1.0,1.0,10,0.5,1.0,0.0,0.0,0.0,298.3371361624246,0.0,0.0,0.0,0.4800000000000001,1.7082943351652866,0.06833177340661147,0.0,0.0,0.0,0.52,0.0,0.0,0.0,0.48
stress_scan,user_num,5,IQL,1,5,1.0,1.0,1.0,1.0,10,0.5,1.0,0.0,0.0,0.0,298.3371361624246,0.0,0.0,0.0,0.4800000000000001,1.7082943351652866,0.06833177340661147,0.0,0.0,0.0,0.52,0.0,0.0,0.0,0.48
stress_scan,user_num,5,No-EVT,1,5,1.0,1.0,1.0,1.0,10,0.5,1.0,0.0,0.0,0.0,298.3371361624246,0.0,0.0,0.0,0.4800000000000001,1.7082943351652866,0.06833177340661147,0.0,0.0,0.0,0.52,0.0,0.0,0.0,0.48
stress_scan,user_num,5,Lyapunov-Greedy,1,5,1.0,1.0,1.0,1.0,10,0.5,1.0,0.0,0.0,0.0,526.1833119999999,0.0,0.0,0.0,0.0,0.006750000000000001,0.00027000000000000006,0.0,0.0,0.0,1.0,0.0,0.0,0.0,0.0
stress_scan,user_num,5,Non-MEC,1,5,1.0,1.0,1.0,1.0,10,0.5,1.0,0.0,0.0,0.0,526.1833119999999,0.0,0.0,0.0,0.0,0.006750000000000001,0.00027000000000000006,0.0,0.0,0.0,1.0,0.0,0.0,0.0,0.0
stress_scan,user_num,5,Stand-alone MEC,1,5,1.0,1.0,1.0,1.0,10,0.5,0.8,0.0,0.0,0.0,8.775895289957992,0.0,0.0,0.0,1.0,1.544212508576402,0.06176850034305608,0.0,0.0,0.0,0.0,0.0,0.0,0.2,0.8
stress_scan,user_num,5,Random,1,5,1.0,1.0,1.0,1.0,10,0.5,0.8400000000000001,0.0,0.0,0.0,895.2288719747992,0.0,0.0,0.0,0.6,0.8687516491770322,0.03475006596708129,0.08,0.24,0.08,0.0,0.12,0.12,0.16,0.2
stress_scan,user_num,10,Full,1,10,1.0,1.0,1.0,1.0,10,0.5,1.0,0.0,0.0,0.0,101.52927138704398,0.0,0.0,0.0,0.56,3.1963020740995396,0.0639260414819908,0.0,0.0,0.0,0.44,0.0,0.0,0.0,0.56
stress_scan,user_num,10,IQL,1,10,1.0,1.0,1.0,1.0,10,0.5,1.0,0.0,0.0,0.0,235.19232505169808,0.0,0.0,0.0,0.48,2.337153553545911,0.04674307107091822,0.0,0.0,0.0,0.52,0.0,0.0,0.0,0.48
stress_scan,user_num,10,No-EVT,1,10,1.0,1.0,1.0,1.0,10,0.5,1.0,0.0,0.0,0.0,101.52927138704398,0.0,0.0,0.0,0.56,3.1963020740995396,0.0639260414819908,0.0,0.0,0.0,0.44,0.0,0.0,0.0,0.56
stress_scan,user_num,10,Lyapunov-Greedy,1,10,1.0,1.0,1.0,1.0,10,0.5,1.0,0.0,0.0,0.0,517.4303769333333,0.0,0.0,0.0,0.0,0.013499999999999998,0.00026999999999999995,0.0,0.0,0.0,1.0,0.0,0.0,0.0,0.0
stress_scan,user_num,10,Non-MEC,1,10,1.0,1.0,1.0,1.0,10,0.5,1.0,0.0,0.0,0.0,517.4303769333333,0.0,0.0,0.0,0.0,0.013499999999999998,0.00026999999999999995,0.0,0.0,0.0,1.0,0.0,0.0,0.0,0.0
stress_scan,user_num,10,Stand-alone MEC,1,10,1.0,1.0,1.0,1.0,10,0.5,0.8,0.0,0.0,0.0,18.385213426433516,0.0,0.0,0.0,1.0,1.2876154532856745,0.02575230906571349,0.0,0.0,0.0,0.0,0.0,0.0,0.2,0.8
stress_scan,user_num,10,Random,1,10,1.0,1.0,1.0,1.0,10,0.5,0.9199999999999999,0.0,0.0,0.0,973.755191457856,0.0,0.0,0.0,0.44000000000000006,0.3764098885875672,0.007528197771751344,0.14,0.18,0.1,0.14,0.12,0.08,0.08,0.16
stress_scan,user_num,15,Full,1,15,1.0,1.0,1.0,1.0,10,0.5,1.0,0.0,0.0,0.0,278.65237821297484,0.0,0.0,0.0,0.5066666666666667,3.838439696125117,0.051179195948334893,0.0,0.0,0.0,0.49333333333333335,0.0,0.0,0.0,0.5066666666666667
stress_scan,user_num,15,IQL,1,15,1.0,1.0,1.0,1.0,10,0.5,1.0,0.0,0.0,0.0,311.4447126241997,0.0,0.0,0.0,0.49333333333333335,3.276011550271222,0.043680154003616294,0.0,0.0,0.0,0.5066666666666667,0.0,0.0,0.0,0.49333333333333335
stress_scan,user_num,15,No-EVT,1,15,1.0,1.0,1.0,1.0,10,0.5,1.0,0.0,0.0,0.0,278.65237821297484,0.0,0.0,0.0,0.5066666666666667,3.838439696125117,0.051179195948334893,0.0,0.0,0.0,0.49333333333333335,0.0,0.0,0.0,0.5066666666666667
stress_scan,user_num,15,Lyapunov-Greedy,1,15,1.0,1.0,1.0,1.0,10,0.5,1.0,0.0,0.0,0.0,514.7190166222222,0.0,0.0,0.0,0.0,0.020249999999999994,0.0002699999999999999,0.0,0.0,0.0,1.0,0.0,0.0,0.0,0.0
stress_scan,user_num,15,Non-MEC,1,15,1.0,1.0,1.0,1.0,10,0.5,1.0,0.0,0.0,0.0,514.7190166222222,0.0,0.0,0.0,0.0,0.020249999999999994,0.0002699999999999999,0.0,0.0,0.0,1.0,0.0,0.0,0.0,0.0
stress_scan,user_num,15,Stand-alone MEC,1,15,1.0,1.0,1.0,1.0,10,0.5,0.8,0.0,0.0,0.0,27.99137348644241,0.0,0.0,0.0,1.0,1.7884193205698575,0.023845590940931433,0.0,0.0,0.0,0.0,0.0,0.0,0.2,0.8
stress_scan,user_num,15,Random,1,15,1.0,1.0,1.0,1.0,10,0.5,0.9066666666666666,0.0,0.0,0.0,667.2099587516481,0.0,0.0,0.0,0.5333333333333334,0.4748026132178681,0.006330701509571574,0.13333333333333333,0.10666666666666667,0.09333333333333334,0.13333333333333333,0.10666666666666667,0.12,0.10666666666666667,0.2
stress_scan,user_num,20,Full,1,20,1.0,1.0,1.0,1.0,10,0.5,1.0,0.0,0.0,0.0,270.0527013999746,0.0,0.0,0.0,0.51,7.117239889353305,0.07117239889353305,0.0,0.0,0.0,0.49,0.0,0.0,0.0,0.51
stress_scan,user_num,20,IQL,1,20,1.0,1.0,1.0,1.0,10,0.5,1.0,0.0,0.0,0.0,269.1727540235955,0.0,0.0,0.0,0.5199999999999999,7.158781691046214,0.07158781691046215,0.0,0.0,0.0,0.48,0.0,0.0,0.0,0.52
stress_scan,user_num,20,No-EVT,1,20,1.0,1.0,1.0,1.0,10,0.5,1.0,0.0,0.0,0.0,270.0527013999746,0.0,0.0,0.0,0.51,7.117239889353305,0.07117239889353305,0.0,0.0,0.0,0.49,0.0,0.0,0.0,0.51
stress_scan,user_num,20,Lyapunov-Greedy,1,20,1.0,1.0,1.0,1.0,10,0.5,1.0,0.0,0.0,0.0,514.6294605333334,0.0,0.0,0.0,0.0,0.027000000000000003,0.00027000000000000006,0.0,0.0,0.0,1.0,0.0,0.0,0.0,0.0
stress_scan,user_num,20,Non-MEC,1,20,1.0,1.0,1.0,1.0,10,0.5,1.0,0.0,0.0,0.0,514.6294605333334,0.0,0.0,0.0,0.0,0.027000000000000003,0.00027000000000000006,0.0,0.0,0.0,1.0,0.0,0.0,0.0,0.0
stress_scan,user_num,20,Stand-alone MEC,1,20,1.0,1.0,1.0,1.0,10,0.5,0.8,0.0,0.0,0.0,37.57291183081288,0.0,0.0,0.0,1.0,2.693627512023765,0.02693627512023765,0.0,0.0,0.0,0.0,0.0,0.0,0.2,0.8
stress_scan,user_num,20,Random,1,20,1.0,1.0,1.0,1.0,10,0.5,0.9,0.0,0.0,0.0,630.314836581222,0.0,0.0,0.0,0.5199999999999999,0.5011338617751989,0.005011338617751989,0.14,0.12,0.14,0.08,0.15,0.1,0.11,0.16
stress_scan,user_num,25,Full,1,25,1.0,1.0,1.0,1.0,10,0.5,1.0,0.0,0.0,0.0,198.97192094059636,0.0,0.0,0.0,0.52,9.018658670198521,0.07214926936158816,0.0,0.0,0.0,0.48,0.0,0.0,0.0,0.52
stress_scan,user_num,25,IQL,1,25,1.0,1.0,1.0,1.0,10,0.5,1.0,0.0,0.0,0.0,252.59534453136746,0.0,0.0,0.0,0.48,8.323810023242409,0.06659048018593927,0.0,0.0,0.0,0.52,0.0,0.0,0.0,0.48
stress_scan,user_num,25,No-EVT,1,25,1.0,1.0,1.0,1.0,10,0.5,1.0,0.0,0.0,0.0,198.97192094059636,0.0,0.0,0.0,0.52,9.018658670198521,0.07214926936158816,0.0,0.0,0.0,0.48,0.0,0.0,0.0,0.52
stress_scan,user_num,25,Lyapunov-Greedy,1,25,1.0,1.0,1.0,1.0,10,0.5,1.0,0.0,0.0,0.0,519.0781718399999,0.0,0.0,0.0,0.0,0.03375000000000001,0.00027000000000000006,0.0,0.0,0.0,1.0,0.0,0.0,0.0,0.0
stress_scan,user_num,25,Non-MEC,1,25,1.0,1.0,1.0,1.0,10,0.5,1.0,0.0,0.0,0.0,519.0781718399999,0.0,0.0,0.0,0.0,0.03375000000000001,0.00027000000000000006,0.0,0.0,0.0,1.0,0.0,0.0,0.0,0.0
stress_scan,user_num,25,Stand-alone MEC,1,25,1.0,1.0,1.0,1.0,10,0.5,0.872,0.0,0.0,0.0,47.264972143288524,0.0,0.0,0.0,1.0,4.040802537845749,0.03232642030276599,0.0,0.0,0.0,0.0,0.0,0.0,0.128,0.872
stress_scan,user_num,25,Random,1,25,1.0,1.0,1.0,1.0,10,0.5,0.912,0.0,0.0,0.0,750.1301744501415,0.0,0.0,0.0,0.52,0.5668581972067904,0.004534865577654324,0.144,0.136,0.112,0.088,0.152,0.168,0.096,0.104
stress_scan,user_num,30,Full,1,30,1.0,1.0,1.0,1.0,10,0.5,1.0,0.0,0.0,0.0,271.1570004203214,0.0,0.0,0.0,0.5599999999999999,15.531184040236822,0.10354122693491215,0.0,0.0,0.0,0.44,0.0,0.0,0.0,0.56
stress_scan,user_num,30,IQL,1,30,1.0,1.0,1.0,1.0,10,0.5,1.0,0.0,0.0,0.0,344.6592739277297,0.0,0.0,0.0,0.4866666666666667,12.509318810047663,0.08339545873365109,0.0,0.0,0.0,0.5133333333333333,0.0,0.0,0.0,0.4866666666666667
stress_scan,user_num,30,No-EVT,1,30,1.0,1.0,1.0,1.0,10,0.5,1.0,0.0,0.0,0.0,271.1570004203214,0.0,0.0,0.0,0.5599999999999999,15.531184040236822,0.10354122693491215,0.0,0.0,0.0,0.44,0.0,0.0,0.0,0.56
stress_scan,user_num,30,Lyapunov-Greedy,1,30,1.0,1.0,1.0,1.0,10,0.5,1.0,0.0,0.0,0.0,518.7650875111111,0.0,0.0,0.0,0.0,0.04050000000000001,0.00027000000000000006,0.0,0.0,0.0,1.0,0.0,0.0,0.0,0.0
stress_scan,user_num,30,Non-MEC,1,30,1.0,1.0,1.0,1.0,10,0.5,1.0,0.0,0.0,0.0,518.7650875111111,0.0,0.0,0.0,0.0,0.04050000000000001,0.00027000000000000006,0.0,0.0,0.0,1.0,0.0,0.0,0.0,0.0
stress_scan,user_num,30,Stand-alone MEC,1,30,1.0,1.0,1.0,1.0,10,0.5,0.92,0.0,0.0,0.0,56.829006142746636,0.0,0.0,0.0,1.0,5.738651085985735,0.03825767390657157,0.0,0.0,0.0,0.0,0.0,0.0,0.08,0.92
stress_scan,user_num,30,Random,1,30,1.0,1.0,1.0,1.0,10,0.5,0.92,0.0,0.0,0.0,714.2195167410493,0.0,0.0,0.0,0.5066666666666666,0.7289663586713572,0.004859775724475715,0.16,0.12666666666666668,0.12666666666666668,0.08,0.14,0.16,0.09333333333333334,0.11333333333333333
stress_scan,user_num,35,Full,1,35,1.0,1.0,1.0,1.0,10,0.5,1.0,0.0,0.0,0.0,248.182065732513,0.0,0.0,0.0,0.5314285714285714,20.219383962931847,0.11553933693103913,0.0,0.0,0.0,0.4685714285714286,0.0,0.0,0.0,0.5314285714285715
stress_scan,user_num,35,IQL,1,35,1.0,1.0,1.0,1.0,10,0.5,1.0,0.0,0.0,0.0,236.7992192075713,0.0,0.0,0.0,0.5085714285714286,18.797125300242115,0.10741214457281209,0.0,0.0,0.0,0.49142857142857144,0.0,0.0,0.0,0.5085714285714286
stress_scan,user_num,35,No-EVT,1,35,1.0,1.0,1.0,1.0,10,0.5,1.0,0.0,0.0,0.0,248.182065732513,0.0,0.0,0.0,0.5314285714285714,20.219383962931847,0.11553933693103913,0.0,0.0,0.0,0.4685714285714286,0.0,0.0,0.0,0.5314285714285715
stress_scan,user_num,35,Lyapunov-Greedy,1,35,1.0,1.0,1.0,1.0,10,0.5,1.0,0.0,0.0,0.0,520.7187377523809,0.0,0.0,0.0,0.0,0.04724999999999999,0.00026999999999999995,0.0,0.0,0.0,1.0,0.0,0.0,0.0,0.0
stress_scan,user_num,35,Non-MEC,1,35,1.0,1.0,1.0,1.0,10,0.5,1.0,0.0,0.0,0.0,520.7187377523809,0.0,0.0,0.0,0.0,0.04724999999999999,0.00026999999999999995,0.0,0.0,0.0,1.0,0.0,0.0,0.0,0.0
stress_scan,user_num,35,Stand-alone MEC,1,35,1.0,1.0,1.0,1.0,10,0.5,0.9599999999999999,0.0,0.0,0.0,66.53416848900696,0.0,0.0,0.0,1.0,7.791389850737959,0.04452222771850262,0.0,0.0,0.0,0.0,0.0,0.0,0.04,0.96
stress_scan,user_num,35,Random,1,35,1.0,1.0,1.0,1.0,10,0.5,0.9314285714285715,0.0,0.0,0.0,738.6861185977084,0.0,0.0,0.0,0.49714285714285716,0.9971914149864344,0.005698236657065339,0.14857142857142858,0.09714285714285714,0.13142857142857142,0.12571428571428572,0.11428571428571428,0.14285714285714285,0.11428571428571428,0.12571428571428572
stress_scan,user_num,40,Full,1,40,1.0,1.0,1.0,1.0,10,0.5,1.0,0.0,0.0,0.0,227.7780291547624,0.0,0.0,0.0,0.525,20.621279280837733,0.10310639640418867,0.0,0.0,0.0,0.475,0.0,0.0,0.0,0.525
stress_scan,user_num,40,IQL,1,40,1.0,1.0,1.0,1.0,10,0.5,1.0,0.0,0.0,0.0,284.2118035960441,0.0,0.0,0.0,0.465,16.609367415899662,0.08304683707949831,0.0,0.0,0.0,0.535,0.0,0.0,0.0,0.465
stress_scan,user_num,40,No-EVT,1,40,1.0,1.0,1.0,1.0,10,0.5,1.0,0.0,0.0,0.0,227.7780291547624,0.0,0.0,0.0,0.525,20.621279280837733,0.10310639640418867,0.0,0.0,0.0,0.475,0.0,0.0,0.0,0.525
stress_scan,user_num,40,Lyapunov-Greedy,1,40,1.0,1.0,1.0,1.0,10,0.5,1.0,0.0,0.0,0.0,519.4420735666666,0.0,0.0,0.0,0.0,0.05399999999999998,0.0002699999999999999,0.0,0.0,0.0,1.0,0.0,0.0,0.0,0.0
stress_scan,user_num,40,Non-MEC,1,40,1.0,1.0,1.0,1.0,10,0.5,1.0,0.0,0.0,0.0,519.4420735666666,0.0,0.0,0.0,0.0,0.05399999999999998,0.0002699999999999999,0.0,0.0,0.0,1.0,0.0,0.0,0.0,0.0
stress_scan,user_num,40,Stand-alone MEC,1,40,1.0,1.0,1.0,1.0,10,0.5,1.0,0.0,0.0,0.0,76.10950118937538,0.0,0.0,0.0,1.0,10.222187286900386,0.05111093643450193,0.0,0.0,0.0,0.0,0.0,0.0,0.0,1.0
stress_scan,user_num,40,Random,1,40,1.0,1.0,1.0,1.0,10,0.5,0.93,0.0,0.0,0.0,789.455570662556,0.0,0.0,0.0,0.52,1.3747241801839891,0.006873620900919946,0.155,0.1,0.095,0.13,0.125,0.13,0.14,0.125
