experiment,scenario,value,policy,n_seed,user_num,load_scale,bw_scale,f_scale,tmax_scale,episodes,warmup_ratio,p_c5_viol_mean,p_c5_viol_std,p_c6_viol_mean,p_c6_viol_std,p_c7_viol_mean,p_c7_viol_std,p_c8_viol_mean,p_c8_viol_std,mean_c5_excess_ratio_mean,mean_c5_excess_ratio_std,mean_overflow_prob_mean,mean_overflow_prob_std,mean_m1_excess_cond_mean,mean_m1_excess_cond_std,mean_m2_excess_cond_mean,mean_m2_excess_cond_std,mean_offload_ratio_mean,mean_offload_ratio_std,total_energy_mean,total_energy_std,avg_energy_per_slot_user_mean,avg_energy_per_slot_user_std,action_0_ratio_mean,action_0_ratio_std,action_1_ratio_mean,action_1_ratio_std,action_2_ratio_mean,action_2_ratio_std,action_3_ratio_mean,action_3_ratio_std,action_4_ratio_mean,action_4_ratio_std,action_5_ratio_mean,action_5_ratio_std,action_6_ratio_mean,action_6_ratio_std,action_7_ratio_mean,action_7_ratio_std
stress_scan,load_scale,0.5,Full,2,15,0.5,1.0,1.0,1.0,500,0.7,0.9566666666666666,0.006444444444444586,0.0,0.0,0.0,0.0,0.0,0.0,257.7063980177778,0.09956174962965746,0.0,0.0,0.0,0.0,0.0,0.0,0.0571111111111111,0.008222222222222218,847898.889949566,274109.5325460999,376.84395108869603,121.82645890937773,0.0,0.0,0.0,0.0,0.0,0.0,0.9428888888888889,0.008222222222222242,0.010222222222222223,0.0017777777777777783,0.013555555555555557,0.0024444444444444444,0.008888888888888889,0.0022222222222222222,0.024444444444444446,0.0017777777777777774
stress_scan,load_scale,0.5,IQL,2,15,0.5,1.0,1.0,1.0,500,0.7,0.9568888888888889,0.006222222222222296,0.0,0.0,0.0,0.0,0.0,0.0,259.3455711688889,1.3162310711111616,0.0,0.0,0.0,0.0,0.0,0.0,0.056444444444444436,0.007111111111111099,525216.4449716848,95584.82129348663,233.42953109852658,42.482142797105155,0.0,0.0,0.0,0.0,0.0,0.0,0.9435555555555555,0.007111111111111124,0.011111111111111112,0.0008888888888888887,0.01177777777777778,0.0024444444444444444,0.008222222222222223,0.0020000000000000005,0.025333333333333333,0.0017777777777777774
stress_scan,load_scale,0.5,No-EVT,2,15,0.5,1.0,1.0,1.0,500,0.7,0.9566666666666666,0.006444444444444586,0.0,0.0,0.0,0.0,0.0,0.0,257.7063980177778,0.09956174962965746,0.0,0.0,0.0,0.0,0.0,0.0,0.0571111111111111,0.008222222222222218,847898.889949566,274109.5325460999,376.84395108869603,121.82645890937773,0.0,0.0,0.0,0.0,0.0,0.0,0.9428888888888889,0.008222222222222242,0.010222222222222223,0.0017777777777777783,0.013555555555555557,0.0024444444444444444,0.008888888888888889,0.0022222222222222222,0.024444444444444446,0.0017777777777777774
stress_scan,load_scale,0.5,Lyapunov-Greedy,2,15,0.5,1.0,1.0,1.0,500,0.7,1.0,0.0,0.0,0.0,0.0,0.0,0.0,0.0,259.36019364740736,0.1924468325925659,0.0,0.0,0.0,0.0,0.0,0.0,0.0,0.0,0.6074999999999998,0.0,0.0002699999999999999,0.0,0.0,0.0,0.0,0.0,0.0,0.0,1.0,0.0,0.0,0.0,0.0,0.0,0.0,0.0,0.0,0.0
stress_scan,load_scale,0.5,Non-MEC,2,15,0.5,1.0,1.0,1.0,500,0.7,1.0,0.0,0.0,0.0,0.0,0.0,0.0,0.0,259.36019364740736,0.1924468325925659,0.0,0.0,0.0,0.0,0.0,0.0,0.0,0.0,0.6074999999999998,0.0,0.0002699999999999999,0.0,0.0,0.0,0.0,0.0,0.0,0.0,1.0,0.0,0.0,0.0,0.0,0.0,0.0,0.0,0.0,0.0
stress_scan,load_scale,0.5,Stand-alone MEC,2,15,0.5,1.0,1.0,1.0,500,0.7,0.5,0.0,0.0,0.0,0.0,0.0,0.0,0.0,500.0,0.0,0.0,0.0,0.0,0.0,0.0,0.0,1.0,0.0,1500169.7365340334,1519.996780437068,666.7421051262372,0.6755541246387224,0.0,0.0,0.0,0.0,0.0,0.0,0.0,0.0,0.0,0.0,0.0,0.0,0.5,0.0,0.5,0.0
stress_scan,load_scale,0.5,Random,2,15,0.5,1.0,1.0,1.0,500,0.7,0.7457777777777779,0.0022222222222221255,0.0,0.0,0.0,0.0,0.0,0.0,611.863373084074,3.899594291481492,0.0,0.0,0.0,0.0,0.0,0.0,0.5097777777777777,0.0044444444444444176,3323907.0294913733,60477.65755043854,1477.292013107277,26.878958911305972,0.12288888888888888,0.005111111111111115,0.11666666666666667,0.0020000000000000018,0.122,0.001555555555555553,0.12866666666666665,0.00022222222222222088,0.122,0.0011111111111111113,0.13266666666666665,0.002888888888888899,0.13155555555555554,0.0057777777777777845,0.12355555555555556,0.003111111111111113
stress_scan,load_scale,1.0,Full,2,15,1.0,1.0,1.0,1.0,500,0.7,0.9546666666666666,0.008444444444444421,0.0,0.0,0.0,0.0,0.0,0.0,503.6837556488889,1.351809477037051,0.0,0.0,0.0,0.0,0.0,0.0,0.05688888888888888,0.009333333333333308,1724275.7134052375,201361.69488250592,766.3447615134389,89.4940866144471,0.0,0.0,0.0,0.0,0.0,0.0,0.9431111111111111,0.009333333333333305,0.01111111111111111,0.002666666666666667,0.013999999999999999,0.003333333333333333,0.009333333333333334,0.0017777777777777779,0.022444444444444444,0.0015555555555555566
stress_scan,load_scale,1.0,IQL,2,15,1.0,1.0,1.0,1.0,500,0.7,0.9560000000000001,0.005777777777777882,0.0,0.0,0.0,0.0,0.0,0.0,504.2109056237037,2.162697733333289,0.0,0.0,0.0,0.0,0.0,0.0,0.055777777777777766,0.007777777777777765,983086.7387505451,320339.39567180193,436.9274394446867,142.37306474302306,0.0,0.0,0.0,0.0,0.0,0.0,0.9442222222222222,0.007777777777777772,0.01,0.0011111111111111113,0.013111111111111112,0.002,0.009333333333333332,0.002222222222222222,0.02333333333333333,0.0024444444444444453
stress_scan,load_scale,1.0,No-EVT,2,15,1.0,1.0,1.0,1.0,500,0.7,0.9546666666666666,0.008444444444444421,0.0,0.0,0.0,0.0,0.0,0.0,503.6837556488889,1.351809477037051,0.0,0.0,0.0,0.0,0.0,0.0,0.05688888888888888,0.009333333333333308,1724275.7134052375,201361.69488250592,766.3447615134389,89.4940866144471,0.0,0.0,0.0,0.0,0.0,0.0,0.9431111111111111,0.009333333333333305,0.01111111111111111,0.002666666666666667,0.013999999999999999,0.003333333333333333,0.009333333333333334,0.0017777777777777779,0.022444444444444444,0.0015555555555555566
stress_scan,load_scale,1.0,Lyapunov-Greedy,2,15,1.0,1.0,1.0,1.0,500,0.7,1.0,0.0,0.0,0.0,0.0,0.0,0.0,0.0,519.7203872948147,0.3848936651851318,0.0,0.0,0.0,0.0,0.0,0.0,0.0,0.0,0.6074999999999998,0.0,0.0002699999999999999,0.0,0.0,0.0,0.0,0.0,0.0,0.0,1.0,0.0,0.0,0.0,0.0,0.0,0.0,0.0,0.0,0.0
stress_scan,load_scale,1.0,Non-MEC,2,15,1.0,1.0,1.0,1.0,500,0.7,1.0,0.0,0.0,0.0,0.0,0.0,0.0,0.0,519.7203872948147,0.3848936651851318,0.0,0.0,0.0,0.0,0.0,0.0,0.0,0.0,0.6074999999999998,0.0,0.0002699999999999999,0.0,0.0,0.0,0.0,0.0,0.0,0.0,1.0,0.0,0.0,0.0,0.0,0.0,0.0,0.0,0.0,0.0
stress_scan,load_scale,1.0,Stand-alone MEC,2,15,1.0,1.0,1.0,1.0,500,0.7,0.5,0.0,0.0,0.0,0.0,0.0,0.0,0.0,500.0,0.0,0.0,0.0,0.0,0.0,0.0,0.0,1.0,0.0,11309599.739863146,14224.00059776567,5026.488773272509,6.321778043451559,0.0,0.0,0.0,0.0,0.0,0.0,0.0,0.0,0.0,0.0,0.0,0.0,0.5,0.0,0.5,0.0
stress_scan,load_scale,1.0,Random,2,15,1.0,1.0,1.0,1.0,500,0.7,0.7306666666666667,0.001777777777777767,0.0,0.0,0.0,0.0,0.0,0.0,953.5503017237037,9.581410805185328,0.0,0.0,0.0,0.0,0.0,0.0,0.5097777777777777,0.0044444444444444176,6552415.523622379,161742.90259078378,2912.1846771655014,71.88573448479292,0.12288888888888888,0.005111111111111115,0.11666666666666667,0.0020000000000000018,0.122,0.001555555555555553,0.12866666666666665,0.00022222222222222088,0.122,0.0011111111111111113,0.13266666666666665,0.002888888888888899,0.13155555555555554,0.0057777777777777845,0.12355555555555556,0.003111111111111113
stress_scan,load_scale,1.5,Full,2,15,1.5,1.0,1.0,1.0,500,0.7,0.9546666666666668,0.008000000000000063,0.13333333333333333,0.06666666666666668,0.0,0.0,0.0,0.0,745.079382557778,4.014917082222155,0.10333333333333333,0.036666666666666674,281230.8711826102,90899.44637325295,680301798645.5864,45464146989.37152,0.05755555555555555,0.00911111111111109,2523888.398305258,376088.5775596006,1121.728177024559,167.15047891537802,0.0,0.0,0.0,0.0,0.0,0.0,0.9424444444444444,0.009111111111111125,0.010888888888888889,0.0033333333333333335,0.012666666666666666,0.0028888888888888888,0.009555555555555557,0.00022222222222222174,0.024444444444444442,0.002666666666666666
stress_scan,load_scale,1.5,IQL,2,15,1.5,1.0,1.0,1.0,500,0.7,0.9546666666666667,0.007555555555555538,0.0,0.0,0.0,0.0,0.0,0.0,745.9344588333333,3.4925663044444377,0.0,0.0,0.0,0.0,0.0,0.0,0.05599999999999998,0.007999999999999993,1816492.0615929672,626331.4925749811,807.3298051524298,278.36955225554715,0.0,0.0,0.0,0.0,0.0,0.0,0.944,0.007999999999999952,0.010666666666666668,0.002666666666666667,0.012888888888888889,0.0008888888888888887,0.009333333333333334,0.0017777777777777779,0.02311111111111111,0.002666666666666666
stress_scan,load_scale,1.5,No-EVT,2,15,1.5,1.0,1.0,1.0,500,0.7,0.9546666666666668,0.008000000000000063,0.13333333333333333,0.06666666666666668,0.0,0.0,0.0,0.0,745.079382557778,4.014917082222155,0.10333333333333333,0.036666666666666674,281230.8711826102,90899.44637325295,680301798645.5864,45464146989.37152,0.05755555555555555,0.00911111111111109,2523888.398305258,376088.5775596006,1121.728177024559,167.15047891537802,0.0,0.0,0.0,0.0,0.0,0.0,0.9424444444444444,0.009111111111111125,0.010888888888888889,0.0033333333333333335,0.012666666666666666,0.0028888888888888888,0.009555555555555557,0.00022222222222222174,0.024444444444444442,0.002666666666666666
stress_scan,load_scale,1.5,Lyapunov-Greedy,2,15,1.5,1.0,1.0,1.0,500,0.7,1.0,0.0,0.0,0.0,0.0,0.0,0.0,0.0,780.0805809422225,0.5773404977779251,0.0,0.0,0.0,0.0,0.0,0.0,0.0,0.0,0.6074999999999998,0.0,0.0002699999999999999,0.0,0.0,0.0,0.0,0.0,0.0,0.0,1.0,0.0,0.0,0.0,0.0,0.0,0.0,0.0,0.0,0.0
stress_scan,load_scale,1.5,Non-MEC,2,15,1.5,1.0,1.0,1.0,500,0.7,1.0,0.0,0.0,0.0,0.0,0.0,0.0,0.0,780.0805809422225,0.5773404977779251,0.0,0.0,0.0,0.0,0.0,0.0,0.0,0.0,0.6074999999999998,0.0,0.0002699999999999999,0.0,0.0,0.0,0.0,0.0,0.0,0.0,1.0,0.0,0.0,0.0,0.0,0.0,0.0,0.0,0.0,0.0
stress_scan,load_scale,1.5,Stand-alone MEC,2,15,1.5,1.0,1.0,1.0,500,0.7,0.10533333333333333,0.0004444444444444487,0.0,0.0,0.0,0.0,0.0,0.0,105.33333333333334,0.44444444444443576,0.0,0.0,0.0,0.0,0.0,0.0,1.0,0.0,10988265.601459714,38671.535377321765,4883.673600648762,17.187349056587664,0.0,0.0,0.0,0.0,0.0,0.0,0.0,0.0,0.0,0.0,0.0,0.0,0.8946666666666667,0.000444444444444414,0.10533333333333333,0.00044444444444444176
stress_scan,load_scale,1.5,Random,2,15,1.5,1.0,1.0,1.0,500,0.7,0.542,0.00022222222222223476,0.0,0.0,0.0,0.0,0.0,0.0,1121.6816748077779,13.707671763333337,0.0,0.0,0.0,0.0,0.0,0.0,0.5097777777777777,0.0044444444444444176,5843634.540835271,283186.9989000913,2597.1709070378984,125.86088840004072,0.12288888888888888,0.005111111111111115,0.11666666666666667,0.0020000000000000018,0.122,0.001555555555555553,0.12866666666666665,0.00022222222222222088,0.122,0.0011111111111111113,0.13266666666666665,0.002888888888888899,0.13155555555555554,0.0057777777777777845,0.12355555555555556,0.003111111111111113
stress_scan,load_scale,2.0,Full,2,15,2.0,1.0,1.0,1.0,500,0.7,0.9537777777777778,0.007111111111111012,0.6,0.0,0.43333333333333335,0.033333333333333326,0.4,0.06666666666666668,996.8166595407405,2.6899189125925886,0.5911111111111111,0.008888888888888835,8099513.786322024,1106816.1006848621,144074166075976.56,34016866891069.625,0.056444444444444436,0.00844444444444441,2757844.9386929534,356374.8037863106,1225.7088616413125,158.3888016828048,0.0,0.0,0.0,0.0,0.0,0.0,0.9435555555555555,0.008444444444444421,0.010888888888888889,0.0024444444444444453,0.013555555555555557,0.0024444444444444444,0.009777777777777778,0.0022222222222222222,0.02222222222222222,0.001333333333333334
stress_scan,load_scale,2.0,IQL,2,15,2.0,1.0,1.0,1.0,500,0.7,0.9537777777777778,0.00888888888888889,0.4,0.06666666666666668,0.13333333333333333,0.13333333333333333,0.1,0.1,987.5359304888887,4.027558642963015,0.30733333333333335,0.14644444444444443,2969559.6886302703,2589709.515180023,50659461126444.03,49984230660925.484,0.0562222222222222,0.009111111111111094,2614551.0327610043,159966.0136939627,1162.022681227113,71.09600608620565,0.0,0.0,0.0,0.0,0.0,0.0,0.9437777777777778,0.009111111111111125,0.012888888888888889,0.0017777777777777774,0.012,0.002666666666666666,0.008666666666666666,0.0028888888888888888,0.02266666666666667,0.0017777777777777792
stress_scan,load_scale,2.0,No-EVT,2,15,2.0,1.0,1.0,1.0,500,0.7,0.9537777777777778,0.007111111111111012,0.6,0.0,0.43333333333333335,0.033333333333333326,0.4,0.06666666666666668,996.8166595407405,2.6899189125925886,0.5911111111111111,0.008888888888888835,8099513.786322024,1106816.1006848621,144074166075976.56,34016866891069.625,0.056444444444444436,0.00844444444444441,2757844.9386929534,356374.8037863106,1225.7088616413125,158.3888016828048,0.0,0.0,0.0,0.0,0.0,0.0,0.9435555555555555,0.008444444444444421,0.010888888888888889,0.0024444444444444453,0.013555555555555557,0.0024444444444444444,0.009777777777777778,0.0022222222222222222,0.02222222222222222,0.001333333333333334
stress_scan,load_scale,2.0,Lyapunov-Greedy,2,15,2.0,1.0,1.0,1.0,500,0.7,1.0,0.0,0.0,0.0,0.0,0.0,0.0,0.0,1040.4407745896292,0.7697873303703773,0.0,0.0,0.0,0.0,0.0,0.0,0.0,0.0,0.6074999999999998,0.0,0.0002699999999999999,0.0,0.0,0.0,0.0,0.0,0.0,0.0,1.0,0.0,0.0,0.0,0.0,0.0,0.0,0.0,0.0,0.0
stress_scan,load_scale,2.0,Non-MEC,2,15,2.0,1.0,1.0,1.0,500,0.7,1.0,0.0,0.0,0.0,0.0,0.0,0.0,0.0,1040.4407745896292,0.7697873303703773,0.0,0.0,0.0,0.0,0.0,0.0,0.0,0.0,0.6074999999999998,0.0,0.0002699999999999999,0.0,0.0,0.0,0.0,0.0,0.0,0.0,1.0,0.0,0.0,0.0,0.0,0.0,0.0,0.0,0.0,0.0
stress_scan,load_scale,2.0,Stand-alone MEC,2,15,2.0,1.0,1.0,1.0,500,0.7,0.2,0.0,0.6,0.0,0.6,0.0,0.6,0.0,0.7110995442847061,0.00022500338554864996,0.6,0.0,60012281.78606366,22728.666666664183,6394484438075290.0,4271712585726.5,1.0,0.0,11999806.782885429,7064.219871864654,5333.2474590601905,3.139653276384251,0.0,0.0,0.0,0.0,0.0,0.0,0.0,0.0,0.0,0.0,0.0,0.0,0.8,0.0,0.2,0.0
stress_scan,load_scale,2.0,Random,2,15,2.0,1.0,1.0,1.0,500,0.7,0.5946666666666667,0.000444444444444414,0.6,0.0,0.6,0.0,0.6,0.0,1426.8373516936717,24.486427690458527,0.6,0.0,18672892.65372003,22823.437255019322,684731921948234.5,2944672373533.1875,0.5097777777777777,0.0044444444444444176,6184955.300741151,100667.31767310342,2748.8690225516225,44.74103007693475,0.12288888888888888,0.005111111111111115,0.11666666666666667,0.0020000000000000018,0.122,0.001555555555555553,0.12866666666666665,0.00022222222222222088,0.122,0.0011111111111111113,0.13266666666666665,0.002888888888888899,0.13155555555555554,0.0057777777777777845,0.12355555555555556,0.003111111111111113
stress_scan,f_scale,0.4,Full,2,15,1.0,1.0,0.4,1.0,500,0.7,0.9562222222222223,0.0037777777777778243,0.06666666666666667,0.0,0.0,0.0,0.0,0.0,502.1121975804373,5.8579574687965135,0.029555555555555557,0.018444444444444447,79850.55738612264,50685.170615426665,156665750042.89783,141919018308.677,0.05955555555555556,0.00577777777777775,270951.9781508921,53531.60750982091,120.42310140039648,23.79182555992041,0.0,0.0,0.0,0.0,0.0,0.0,0.9404444444444444,0.005777777777777771,0.011777777777777778,0.0002222222222222226,0.012888888888888889,0.001333333333333334,0.008888888888888889,0.0022222222222222222,0.026000000000000002,0.0024444444444444453
stress_scan,f_scale,0.4,IQL,2,15,1.0,1.0,0.4,1.0,500,0.7,0.9544444444444443,0.005111111111111066,0.0,0.0,0.0,0.0,0.0,0.0,501.47419822379015,4.355705658830942,0.0,0.0,0.0,0.0,0.0,0.0,0.05622222222222223,0.006888888888888892,184503.75141776854,50745.97383195038,82.00166729678601,22.553766147533505,0.0,0.0,0.0,0.0,0.0,0.0,0.9437777777777778,0.006888888888888889,0.009777777777777778,0.00044444444444444436,0.013111111111111112,0.0037777777777777766,0.009777777777777778,0.0008888888888888887,0.023555555555555555,0.0017777777777777774
stress_scan,f_scale,0.4,No-EVT,2,15,1.0,1.0,0.4,1.0,500,0.7,0.9562222222222223,0.0037777777777778243,0.06666666666666667,0.0,0.0,0.0,0.0,0.0,502.1121975804373,5.8579574687965135,0.029555555555555557,0.018444444444444447,79850.55738612264,50685.170615426665,156665750042.89783,141919018308.677,0.05955555555555556,0.00577777777777775,270951.9781508921,53531.60750982091,120.42310140039648,23.79182555992041,0.0,0.0,0.0,0.0,0.0,0.0,0.9404444444444444,0.005777777777777771,0.011777777777777778,0.0002222222222222226,0.012888888888888889,0.001333333333333334,0.008888888888888889,0.0022222222222222222,0.026000000000000002,0.0024444444444444453
stress_scan,f_scale,0.4,Lyapunov-Greedy,2,15,1.0,1.0,0.4,1.0,500,0.7,1.0,0.0,0.0,0.0,0.0,0.0,0.0,0.0,519.7203872948147,0.3848936651851318,0.0,0.0,0.0,0.0,0.0,0.0,0.0,0.0,0.6074999999999998,0.0,0.0002699999999999999,0.0,0.0,0.0,0.0,0.0,0.0,0.0,1.0,0.0,0.0,0.0,0.0,0.0,0.0,0.0,0.0,0.0
stress_scan,f_scale,0.4,Non-MEC,2,15,1.0,1.0,0.4,1.0,500,0.7,1.0,0.0,0.0,0.0,0.0,0.0,0.0,0.0,519.7203872948147,0.3848936651851318,0.0,0.0,0.0,0.0,0.0,0.0,0.0,0.0,0.6074999999999998,0.0,0.0002699999999999999,0.0,0.0,0.0,0.0,0.0,0.0,0.0,1.0,0.0,0.0,0.0,0.0,0.0,0.0,0.0,0.0,0.0
stress_scan,f_scale,0.4,Stand-alone MEC,2,15,1.0,1.0,0.4,1.0,500,0.7,0.44977777777777783,0.00044444444444444176,0.8,0.0,0.6,0.0,0.6,0.0,1.63736558091684,0.0006977515405722778,0.6602222222222222,0.00022222222222223476,33708683.66199455,10020.880673598498,1975512692480035.8,1189770034848.5,1.0,0.0,959987.4053149195,565.1364919114276,426.66106902885315,0.25117177418286474,0.0,0.0,0.0,0.0,0.0,0.0,0.0,0.0,0.0,0.0,0.0,0.0,0.55,0.00022222222222217924,0.45,0.00022222222222223476
stress_scan,f_scale,0.4,Random,2,15,1.0,1.0,0.4,1.0,500,0.7,0.6844444444444444,0.004000000000000115,0.6,0.0,0.5,0.033333333333333326,0.2,0.0,713.4280322474265,12.218773076851278,0.5266666666666666,0.000444444444444525,5752969.879662493,69236.0792255518,81667230914491.44,2035340237084.336,0.5097777777777777,0.0044444444444444176,494797.010720178,8053.387830755062,219.90978254230134,3.579283480335576,0.12288888888888888,0.005111111111111115,0.11666666666666667,0.0020000000000000018,0.122,0.001555555555555553,0.12866666666666665,0.00022222222222222088,0.122,0.0011111111111111113,0.13266666666666665,0.002888888888888899,0.13155555555555554,0.0057777777777777845,0.12355555555555556,0.003111111111111113
stress_scan,f_scale,0.6,Full,2,15,1.0,1.0,0.6,1.0,500,0.7,0.9544444444444444,0.007777777777777772,0.0,0.0,0.0,0.0,0.0,0.0,500.731259837037,2.554949519999923,0.0,0.0,0.0,0.0,0.0,0.0,0.05755555555555554,0.009111111111111094,480078.0179982345,215916.92873414163,213.3680079992153,95.96307943739627,0.0,0.0,0.0,0.0,0.0,0.0,0.9424444444444444,0.009111111111111125,0.011333333333333334,0.0028888888888888896,0.012666666666666666,0.0028888888888888888,0.009111111111111111,0.000666666666666667,0.024444444444444442,0.002666666666666666
stress_scan,f_scale,0.6,IQL,2,15,1.0,1.0,0.6,1.0,500,0.7,0.9546666666666668,0.007111111111111179,0.0,0.0,0.0,0.0,0.0,0.0,502.40465726222214,3.9689460948148394,0.0,0.0,0.0,0.0,0.0,0.0,0.055777777777777766,0.007777777777777765,405875.7259930652,167286.27958918407,180.38921155247343,74.34945759519292,0.0,0.0,0.0,0.0,0.0,0.0,0.9442222222222222,0.007777777777777772,0.011111111111111112,0.0022222222222222227,0.012444444444444445,0.001333333333333333,0.009111111111111111,0.002,0.02311111111111111,0.0022222222222222227
stress_scan,f_scale,0.6,No-EVT,2,15,1.0,1.0,0.6,1.0,500,0.7,0.9544444444444444,0.007777777777777772,0.0,0.0,0.0,0.0,0.0,0.0,500.731259837037,2.554949519999923,0.0,0.0,0.0,0.0,0.0,0.0,0.05755555555555554,0.009111111111111094,480078.0179982345,215916.92873414163,213.3680079992153,95.96307943739627,0.0,0.0,0.0,0.0,0.0,0.0,0.9424444444444444,0.009111111111111125,0.011333333333333334,0.0028888888888888896,0.012666666666666666,0.0028888888888888888,0.009111111111111111,0.000666666666666667,0.024444444444444442,0.002666666666666666
stress_scan,f_scale,0.6,Lyapunov-Greedy,2,15,1.0,1.0,0.6,1.0,500,0.7,1.0,0.0,0.0,0.0,0.0,0.0,0.0,0.0,519.7203872948147,0.3848936651851318,0.0,0.0,0.0,0.0,0.0,0.0,0.0,0.0,0.6074999999999998,0.0,0.0002699999999999999,0.0,0.0,0.0,0.0,0.0,0.0,0.0,1.0,0.0,0.0,0.0,0.0,0.0,0.0,0.0,0.0,0.0
stress_scan,f_scale,0.6,Non-MEC,2,15,1.0,1.0,0.6,1.0,500,0.7,1.0,0.0,0.0,0.0,0.0,0.0,0.0,0.0,519.7203872948147,0.3848936651851318,0.0,0.0,0.0,0.0,0.0,0.0,0.0,0.0,0.6074999999999998,0.0,0.0002699999999999999,0.0,0.0,0.0,0.0,0.0,0.0,0.0,1.0,0.0,0.0,0.0,0.0,0.0,0.0,0.0,0.0,0.0
stress_scan,f_scale,0.6,Stand-alone MEC,2,15,1.0,1.0,0.6,1.0,500,0.7,0.26066666666666666,0.0006666666666666488,0.2,0.0,0.2,0.0,0.0,0.0,60.802132182406396,0.6655313919923991,0.2,0.0,1706989.8467788657,16833.49684402533,19294580513982.24,276510873467.9492,1.0,0.0,2427729.921170854,4709.664563299855,1078.9910760759349,2.0931842503554208,0.0,0.0,0.0,0.0,0.0,0.0,0.0,0.0,0.0,0.0,0.0,0.0,0.7393333333333334,0.0006666666666666488,0.26066666666666666,0.0006666666666666488
stress_scan,f_scale,0.6,Random,2,15,1.0,1.0,0.6,1.0,500,0.7,0.5264444444444445,0.004666666666666652,0.0,0.0,0.0,0.0,0.0,0.0,744.6614569565706,11.803634683711152,0.0,0.0,0.0,0.0,0.0,0.0,0.5097777777777777,0.0044444444444444176,1264126.5755261169,39289.08935861266,561.834033567163,17.46181749271676,0.12288888888888888,0.005111111111111115,0.11666666666666667,0.0020000000000000018,0.122,0.001555555555555553,0.12866666666666665,0.00022222222222222088,0.122,0.0011111111111111113,0.13266666666666665,0.002888888888888899,0.13155555555555554,0.0057777777777777845,0.12355555555555556,0.003111111111111113
stress_scan,f_scale,0.8,Full,2,15,1.0,1.0,0.8,1.0,500,0.7,0.9546666666666666,0.008444444444444421,0.0,0.0,0.0,0.0,0.0,0.0,503.6837556488889,1.351809477037051,0.0,0.0,0.0,0.0,0.0,0.0,0.05688888888888888,0.009333333333333308,1103536.6802683098,128871.48452524468,490.4607467859155,57.27621534455321,0.0,0.0,0.0,0.0,0.0,0.0,0.9431111111111111,0.009333333333333305,0.01111111111111111,0.002666666666666667,0.013999999999999999,0.003333333333333333,0.009333333333333334,0.0017777777777777779,0.022444444444444444,0.0015555555555555566
stress_scan,f_scale,0.8,IQL,2,15,1.0,1.0,0.8,1.0,500,0.7,0.9560000000000001,0.005777777777777882,0.0,0.0,0.0,0.0,0.0,0.0,504.2109056237037,2.162697733333289,0.0,0.0,0.0,0.0,0.0,0.0,0.055777777777777766,0.007777777777777765,629175.7424432089,205017.21624407617,279.6336633080929,91.11876277514497,0.0,0.0,0.0,0.0,0.0,0.0,0.9442222222222222,0.007777777777777772,0.01,0.0011111111111111113,0.013111111111111112,0.002,0.009333333333333332,0.002222222222222222,0.02333333333333333,0.0024444444444444453
stress_scan,f_scale,0.8,No-EVT,2,15,1.0,1.0,0.8,1.0,500,0.7,0.9546666666666666,0.008444444444444421,0.0,0.0,0.0,0.0,0.0,0.0,503.6837556488889,1.351809477037051,0.0,0.0,0.0,0.0,0.0,0.0,0.05688888888888888,0.009333333333333308,1103536.6802683098,128871.48452524468,490.4607467859155,57.27621534455321,0.0,0.0,0.0,0.0,0.0,0.0,0.9431111111111111,0.009333333333333305,0.01111111111111111,0.002666666666666667,0.013999999999999999,0.003333333333333333,0.009333333333333334,0.0017777777777777779,0.022444444444444444,0.0015555555555555566
stress_scan,f_scale,0.8,Lyapunov-Greedy,2,15,1.0,1.0,0.8,1.0,500,0.7,1.0,0.0,0.0,0.0,0.0,0.0,0.0,0.0,519.7203872948147,0.3848936651851318,0.0,0.0,0.0,0.0,0.0,0.0,0.0,0.0,0.6074999999999998,0.0,0.0002699999999999999,0.0,0.0,0.0,0.0,0.0,0.0,0.0,1.0,0.0,0.0,0.0,0.0,0.0,0.0,0.0,0.0,0.0
stress_scan,f_scale,0.8,Non-MEC,2,15,1.0,1.0,0.8,1.0,500,0.7,1.0,0.0,0.0,0.0,0.0,0.0,0.0,0.0,519.7203872948147,0.3848936651851318,0.0,0.0,0.0,0.0,0.0,0.0,0.0,0.0,0.6074999999999998,0.0,0.0002699999999999999,0.0,0.0,0.0,0.0,0.0,0.0,0.0,1.0,0.0,0.0,0.0,0.0,0.0,0.0,0.0,0.0,0.0
stress_scan,f_scale,0.8,Stand-alone MEC,2,15,1.0,1.0,0.8,1.0,500,0.7,0.39999999999999997,0.0,0.0,0.0,0.0,0.0,0.0,0.0,399.99999999999994,0.0,0.0,0.0,0.0,0.0,0.0,0.0,1.0,0.0,6876775.802961778,3606.6511077131145,3056.344801316346,1.602956047872567,0.0,0.0,0.0,0.0,0.0,0.0,0.0,0.0,0.0,0.0,0.0,0.0,0.6,0.0,0.4,0.0
stress_scan,f_scale,0.8,Random,2,15,1.0,1.0,0.8,1.0,500,0.7,0.6642222222222222,0.007333333333333303,0.0,0.0,0.0,0.0,0.0,0.0,887.1058572792591,15.136966360740757,0.0,0.0,0.0,0.0,0.0,0.0,0.5097777777777777,0.0044444444444444176,3317278.582855328,24234.40076119709,1474.34603682459,10.770844782754239,0.12288888888888888,0.005111111111111115,0.11666666666666667,0.0020000000000000018,0.122,0.001555555555555553,0.12866666666666665,0.00022222222222222088,0.122,0.0011111111111111113,0.13266666666666665,0.002888888888888899,0.13155555555555554,0.0057777777777777845,0.12355555555555556,0.003111111111111113
stress_scan,f_scale,1.0,Full,2,15,1.0,1.0,1.0,1.0,500,0.7,0.9546666666666666,0.008444444444444421,0.0,0.0,0.0,0.0,0.0,0.0,503.6837556488889,1.351809477037051,0.0,0.0,0.0,0.0,0.0,0.0,0.05688888888888888,0.009333333333333308,1724275.7134052375,201361.69488250592,766.3447615134389,89.4940866144471,0.0,0.0,0.0,0.0,0.0,0.0,0.9431111111111111,0.009333333333333305,0.01111111111111111,0.002666666666666667,0.013999999999999999,0.003333333333333333,0.009333333333333334,0.0017777777777777779,0.022444444444444444,0.0015555555555555566
stress_scan,f_scale,1.0,IQL,2,15,1.0,1.0,1.0,1.0,500,0.7,0.9560000000000001,0.005777777777777882,0.0,0.0,0.0,0.0,0.0,0.0,504.2109056237037,2.162697733333289,0.0,0.0,0.0,0.0,0.0,0.0,0.055777777777777766,0.007777777777777765,983086.7387505451,320339.39567180193,436.9274394446867,142.37306474302306,0.0,0.0,0.0,0.0,0.0,0.0,0.9442222222222222,0.007777777777777772,0.01,0.0011111111111111113,0.013111111111111112,0.002,0.009333333333333332,0.002222222222222222,0.02333333333333333,0.0024444444444444453
stress_scan,f_scale,1.0,No-EVT,2,15,1.0,1.0,1.0,1.0,500,0.7,0.9546666666666666,0.008444444444444421,0.0,0.0,0.0,0.0,0.0,0.0,503.6837556488889,1.351809477037051,0.0,0.0,0.0,0.0,0.0,0.0,0.05688888888888888,0.009333333333333308,1724275.7134052375,201361.69488250592,766.3447615134389,89.4940866144471,0.0,0.0,0.0,0.0,0.0,0.0,0.9431111111111111,0.009333333333333305,0.01111111111111111,0.002666666666666667,0.013999999999999999,0.003333333333333333,0.009333333333333334,0.0017777777777777779,0.022444444444444444,0.0015555555555555566
stress_scan,f_scale,1.0,Lyapunov-Greedy,2,15,1.0,1.0,1.0,1.0,500,0.7,1.0,0.0,0.0,0.0,0.0,0.0,0.0,0.0,519.7203872948147,0.3848936651851318,0.0,0.0,0.0,0.0,0.0,0.0,0.0,0.0,0.6074999999999998,0.0,0.0002699999999999999,0.0,0.0,0.0,0.0,0.0,0.0,0.0,1.0,0.0,0.0,0.0,0.0,0.0,0.0,0.0,0.0,0.0
stress_scan,f_scale,1.0,Non-MEC,2,15,1.0,1.0,1.0,1.0,500,0.7,1.0,0.0,0.0,0.0,0.0,0.0,0.0,0.0,519.7203872948147,0.3848936651851318,0.0,0.0,0.0,0.0,0.0,0.0,0.0,0.0,0.6074999999999998,0.0,0.0002699999999999999,0.0,0.0,0.0,0.0,0.0,0.0,0.0,1.0,0.0,0.0,0.0,0.0,0.0,0.0,0.0,0.0,0.0
stress_scan,f_scale,1.0,Stand-alone MEC,2,15,1.0,1.0,1.0,1.0,500,0.7,0.5,0.0,0.0,0.0,0.0,0.0,0.0,0.0,500.0,0.0,0.0,0.0,0.0,0.0,0.0,0.0,1.0,0.0,11309599.739863146,14224.00059776567,5026.488773272509,6.321778043451559,0.0,0.0,0.0,0.0,0.0,0.0,0.0,0.0,0.0,0.0,0.0,0.0,0.5,0.0,0.5,0.0
stress_scan,f_scale,1.0,Random,2,15,1.0,1.0,1.0,1.0,500,0.7,0.7306666666666667,0.001777777777777767,0.0,0.0,0.0,0.0,0.0,0.0,953.5503017237037,9.581410805185328,0.0,0.0,0.0,0.0,0.0,0.0,0.5097777777777777,0.0044444444444444176,6552415.523622379,161742.90259078378,2912.1846771655014,71.88573448479292,0.12288888888888888,0.005111111111111115,0.11666666666666667,0.0020000000000000018,0.122,0.001555555555555553,0.12866666666666665,0.00022222222222222088,0.122,0.0011111111111111113,0.13266666666666665,0.002888888888888899,0.13155555555555554,0.0057777777777777845,0.12355555555555556,0.003111111111111113
stress_scan,f_scale,1.2,Full,2,15,1.0,1.0,1.2,1.0,500,0.7,0.9546666666666666,0.008444444444444421,0.0,0.0,0.0,0.0,0.0,0.0,503.6837556488889,1.351809477037051,0.0,0.0,0.0,0.0,0.0,0.0,0.05688888888888888,0.009333333333333308,2482956.753905924,289960.8408747148,1103.5363350692996,128.87148483320658,0.0,0.0,0.0,0.0,0.0,0.0,0.9431111111111111,0.009333333333333305,0.01111111111111111,0.002666666666666667,0.013999999999999999,0.003333333333333333,0.009333333333333334,0.0017777777777777779,0.022444444444444444,0.0015555555555555566
stress_scan,f_scale,1.2,IQL,2,15,1.0,1.0,1.2,1.0,500,0.7,0.9560000000000001,0.005777777777777882,0.0,0.0,0.0,0.0,0.0,0.0,504.2109056237037,2.162697733333289,0.0,0.0,0.0,0.0,0.0,0.0,0.055777777777777766,0.007777777777777765,1415644.623126178,461288.72608346696,629.1753880560792,205.017211592652,0.0,0.0,0.0,0.0,0.0,0.0,0.9442222222222222,0.007777777777777772,0.01,0.0011111111111111113,0.013111111111111112,0.002,0.009333333333333332,0.002222222222222222,0.02333333333333333,0.0024444444444444453
stress_scan,f_scale,1.2,No-EVT,2,15,1.0,1.0,1.2,1.0,500,0.7,0.9546666666666666,0.008444444444444421,0.0,0.0,0.0,0.0,0.0,0.0,503.6837556488889,1.351809477037051,0.0,0.0,0.0,0.0,0.0,0.0,0.05688888888888888,0.009333333333333308,2482956.753905924,289960.8408747148,1103.5363350692996,128.87148483320658,0.0,0.0,0.0,0.0,0.0,0.0,0.9431111111111111,0.009333333333333305,0.01111111111111111,0.002666666666666667,0.013999999999999999,0.003333333333333333,0.009333333333333334,0.0017777777777777779,0.022444444444444444,0.0015555555555555566
stress_scan,f_scale,1.2,Lyapunov-Greedy,2,15,1.0,1.0,1.2,1.0,500,0.7,1.0,0.0,0.0,0.0,0.0,0.0,0.0,0.0,519.7203872948147,0.3848936651851318,0.0,0.0,0.0,0.0,0.0,0.0,0.0,0.0,0.6074999999999998,0.0,0.0002699999999999999,0.0,0.0,0.0,0.0,0.0,0.0,0.0,1.0,0.0,0.0,0.0,0.0,0.0,0.0,0.0,0.0,0.0
stress_scan,f_scale,1.2,Non-MEC,2,15,1.0,1.0,1.2,1.0,500,0.7,1.0,0.0,0.0,0.0,0.0,0.0,0.0,0.0,519.7203872948147,0.3848936651851318,0.0,0.0,0.0,0.0,0.0,0.0,0.0,0.0,0.6074999999999998,0.0,0.0002699999999999999,0.0,0.0,0.0,0.0,0.0,0.0,0.0,1.0,0.0,0.0,0.0,0.0,0.0,0.0,0.0,0.0,0.0
stress_scan,f_scale,1.2,Stand-alone MEC,2,15,1.0,1.0,1.2,1.0,500,0.7,0.5,0.0,0.0,0.0,0.0,0.0,0.0,0.0,500.0,0.0,0.0,0.0,0.0,0.0,0.0,0.0,1.0,0.0,13949323.113709696,1892.9579395065084,6199.699161648753,0.8413146397806486,0.0,0.0,0.0,0.0,0.0,0.0,0.0,0.0,0.0,0.0,0.0,0.0,0.5,0.0,0.5,0.0
stress_scan,f_scale,1.2,Random,2,15,1.0,1.0,1.2,1.0,500,0.7,0.7431111111111113,0.002222222222222181,0.0,0.0,0.0,0.0,0.0,0.0,965.9947461681481,10.025855249629672,0.0,0.0,0.0,0.0,0.0,0.0,0.5097777777777777,0.0044444444444444176,9802021.52906659,769920.2472045571,4356.454012918484,342.1867765353586,0.12288888888888888,0.005111111111111115,0.11666666666666667,0.0020000000000000018,0.122,0.001555555555555553,0.12866666666666665,0.00022222222222222088,0.122,0.0011111111111111113,0.13266666666666665,0.002888888888888899,0.13155555555555554,0.0057777777777777845,0.12355555555555556,0.003111111111111113
stress_scan,f_scale,1.4,Full,2,15,1.0,1.0,1.4,1.0,500,0.7,0.9546666666666666,0.008444444444444421,0.0,0.0,0.0,0.0,0.0,0.0,503.6837556488889,1.351809477037051,0.0,0.0,0.0,0.0,0.0,0.0,0.05688888888888888,0.009333333333333308,3379579.801770375,394668.9225018681,1502.0354674535001,175.40841000083026,0.0,0.0,0.0,0.0,0.0,0.0,0.9431111111111111,0.009333333333333305,0.01111111111111111,0.002666666666666667,0.013999999999999999,0.003333333333333333,0.009333333333333334,0.0017777777777777779,0.022444444444444444,0.0015555555555555566
stress_scan,f_scale,1.4,IQL,2,15,1.0,1.0,1.4,1.0,500,0.7,0.9560000000000001,0.005777777777777882,0.0,0.0,0.0,0.0,0.0,0.0,504.2109056237037,2.162697733333289,0.0,0.0,0.0,0.0,0.0,0.0,0.055777777777777766,0.007777777777777765,1926849.3955701066,627865.2074790688,856.3775091422696,279.05120332403055,0.0,0.0,0.0,0.0,0.0,0.0,0.9442222222222222,0.007777777777777772,0.01,0.0011111111111111113,0.013111111111111112,0.002,0.009333333333333332,0.002222222222222222,0.02333333333333333,0.0024444444444444453
stress_scan,f_scale,1.4,No-EVT,2,15,1.0,1.0,1.4,1.0,500,0.7,0.9546666666666666,0.008444444444444421,0.0,0.0,0.0,0.0,0.0,0.0,503.6837556488889,1.351809477037051,0.0,0.0,0.0,0.0,0.0,0.0,0.05688888888888888,0.009333333333333308,3379579.801770375,394668.9225018681,1502.0354674535001,175.40841000083026,0.0,0.0,0.0,0.0,0.0,0.0,0.9431111111111111,0.009333333333333305,0.01111111111111111,0.002666666666666667,0.013999999999999999,0.003333333333333333,0.009333333333333334,0.0017777777777777779,0.022444444444444444,0.0015555555555555566
stress_scan,f_scale,1.4,Lyapunov-Greedy,2,15,1.0,1.0,1.4,1.0,500,0.7,1.0,0.0,0.0,0.0,0.0,0.0,0.0,0.0,519.7203872948147,0.3848936651851318,0.0,0.0,0.0,0.0,0.0,0.0,0.0,0.0,0.6074999999999998,0.0,0.0002699999999999999,0.0,0.0,0.0,0.0,0.0,0.0,0.0,1.0,0.0,0.0,0.0,0.0,0.0,0.0,0.0,0.0,0.0
stress_scan,f_scale,1.4,Non-MEC,2,15,1.0,1.0,1.4,1.0,500,0.7,1.0,0.0,0.0,0.0,0.0,0.0,0.0,0.0,519.7203872948147,0.3848936651851318,0.0,0.0,0.0,0.0,0.0,0.0,0.0,0.0,0.6074999999999998,0.0,0.0002699999999999999,0.0,0.0,0.0,0.0,0.0,0.0,0.0,1.0,0.0,0.0,0.0,0.0,0.0,0.0,0.0,0.0,0.0
stress_scan,f_scale,1.4,Stand-alone MEC,2,15,1.0,1.0,1.4,1.0,500,0.7,0.5,0.0,0.0,0.0,0.0,0.0,0.0,0.0,500.0,0.0,0.0,0.0,0.0,0.0,0.0,0.0,1.0,0.0,18986577.43488179,2576.5261327456683,8438.478859947463,1.1451227256648053,0.0,0.0,0.0,0.0,0.0,0.0,0.0,0.0,0.0,0.0,0.0,0.0,0.5,0.0,0.5,0.0
stress_scan,f_scale,1.4,Random,2,15,1.0,1.0,1.4,1.0,500,0.7,0.7457777777777779,0.0022222222222221255,0.0,0.0,0.0,0.0,0.0,0.0,968.6614128348148,10.025855249629672,0.0,0.0,0.0,0.0,0.0,0.0,0.5097777777777777,0.0044444444444444176,13251240.738365818,571490.299667526,5889.4403281625855,253.99568874112265,0.12288888888888888,0.005111111111111115,0.11666666666666667,0.0020000000000000018,0.122,0.001555555555555553,0.12866666666666665,0.00022222222222222088,0.122,0.0011111111111111113,0.13266666666666665,0.002888888888888899,0.13155555555555554,0.0057777777777777845,0.12355555555555556,0.003111111111111113
stress_scan,user_num,5,Full,2,5,1.0,1.0,1.0,1.0,500,0.7,0.9613333333333334,0.001333333333333353,0.0,0.0,0.0,0.0,0.0,0.0,509.7634298711111,6.666999871111045,0.0,0.0,0.0,0.0,0.0,0.0,0.059333333333333335,0.0006666666666666626,3915029.610560582,600085.5818320457,5220.039480747442,800.1141091093946,0.0,0.0,0.0,0.0,0.0,0.0,0.9406666666666667,0.0006666666666667043,0.006,0.000666666666666667,0.008,0.0026666666666666666,0.01,0.0033333333333333335,0.035333333333333335,0.0020000000000000018
stress_scan,user_num,5,IQL,2,5,1.0,1.0,1.0,1.0,500,0.7,0.9613333333333334,0.001333333333333353,0.0,0.0,0.0,0.0,0.0,0.0,508.23085221777774,3.363802075555782,0.0,0.0,0.0,0.0,0.0,0.0,0.057999999999999996,0.0006666666666666592,3735594.0530335316,296177.138711639,4980.792070711375,394.902851615519,0.0,0.0,0.0,0.0,0.0,0.0,0.942,0.0006666666666666488,0.006666666666666666,0.0013333333333333335,0.008666666666666666,0.000666666666666667,0.01,0.0033333333333333335,0.03266666666666666,0.0033333333333333322
stress_scan,user_num,5,No-EVT,2,5,1.0,1.0,1.0,1.0,500,0.7,0.9613333333333334,0.001333333333333353,0.0,0.0,0.0,0.0,0.0,0.0,509.7634298711111,6.666999871111045,0.0,0.0,0.0,0.0,0.0,0.0,0.059333333333333335,0.0006666666666666626,3915029.610560582,600085.5818320457,5220.039480747442,800.1141091093946,0.0,0.0,0.0,0.0,0.0,0.0,0.9406666666666667,0.0006666666666667043,0.006,0.000666666666666667,0.008,0.0026666666666666666,0.01,0.0033333333333333335,0.035333333333333335,0.0020000000000000018
stress_scan,user_num,5,Lyapunov-Greedy,2,5,1.0,1.0,1.0,1.0,500,0.7,1.0,0.0,0.0,0.0,0.0,0.0,0.0,0.0,519.9507858533332,0.37860312444439614,0.0,0.0,0.0,0.0,0.0,0.0,0.0,0.0,0.20249999999999954,0.0,0.0002699999999999994,0.0,0.0,0.0,0.0,0.0,0.0,0.0,1.0,0.0,0.0,0.0,0.0,0.0,0.0,0.0,0.0,0.0
stress_scan,user_num,5,Non-MEC,2,5,1.0,1.0,1.0,1.0,500,0.7,1.0,0.0,0.0,0.0,0.0,0.0,0.0,0.0,519.9507858533332,0.37860312444439614,0.0,0.0,0.0,0.0,0.0,0.0,0.0,0.0,0.20249999999999954,0.0,0.0002699999999999994,0.0,0.0,0.0,0.0,0.0,0.0,0.0,1.0,0.0,0.0,0.0,0.0,0.0,0.0,0.0,0.0,0.0
stress_scan,user_num,5,Stand-alone MEC,2,5,1.0,1.0,1.0,1.0,500,0.7,0.5,0.0,0.0,0.0,0.0,0.0,0.0,0.0,500.0,0.0,0.0,0.0,0.0,0.0,0.0,0.0,1.0,0.0,9000847.514124244,14802.8102177931,12001.130018832326,19.737080290390622,0.0,0.0,0.0,0.0,0.0,0.0,0.0,0.0,0.0,0.0,0.0,0.0,0.5,0.0,0.5,0.0
stress_scan,user_num,5,Random,2,5,1.0,1.0,1.0,1.0,500,0.7,0.7460000000000001,0.004666666666666708,0.0,0.0,0.0,0.0,0.0,0.0,958.7891364555556,68.19249065999986,0.0,0.0,0.0,0.0,0.0,0.0,0.5079999999999999,0.010666666666666602,24098060.780090276,1909173.1412032843,32130.747706787035,2545.564188271046,0.11666666666666667,0.011333333333333334,0.11733333333333335,0.0013333333333333322,0.12533333333333332,0.0026666666666666713,0.13266666666666665,0.003333333333333341,0.12866666666666665,0.004666666666666666,0.12133333333333333,0.016,0.13933333333333334,0.003333333333333327,0.11866666666666667,0.003999999999999997
stress_scan,user_num,10,Full,2,10,1.0,1.0,1.0,1.0,500,0.7,0.9496666666666667,0.008999999999999952,0.0,0.0,0.0,0.0,0.0,0.0,498.33435580666657,1.0667792600000325,0.0,0.0,0.0,0.0,0.0,0.0,0.06099999999999996,0.008999999999999984,1929512.958517383,743660.5380993348,1286.341972344922,495.7736920662232,0.0,0.0,0.0,0.0,0.0,0.0,0.9390000000000001,0.008999999999999952,0.011333333333333334,0.002666666666666667,0.013333333333333334,0.006000000000000001,0.012333333333333333,0.001666666666666667,0.024,0.002
stress_scan,user_num,10,IQL,2,10,1.0,1.0,1.0,1.0,500,0.7,0.9523333333333334,0.009000000000000008,0.0,0.0,0.0,0.0,0.0,0.0,500.49391017999983,1.4495817977777676,0.0,0.0,0.0,0.0,0.0,0.0,0.06033333333333328,0.00966666666666664,1976213.6293524108,60533.42555901862,1317.4757529016074,40.3556170393457,0.0,0.0,0.0,0.0,0.0,0.0,0.9396666666666667,0.009666666666666657,0.010333333333333333,0.002333333333333333,0.012,0.005999999999999999,0.010333333333333333,0.001,0.027666666666666666,0.002333333333333333
stress_scan,user_num,10,No-EVT,2,10,1.0,1.0,1.0,1.0,500,0.7,0.9496666666666667,0.008999999999999952,0.0,0.0,0.0,0.0,0.0,0.0,498.33435580666657,1.0667792600000325,0.0,0.0,0.0,0.0,0.0,0.0,0.06099999999999996,0.008999999999999984,1929512.958517383,743660.5380993348,1286.341972344922,495.7736920662232,0.0,0.0,0.0,0.0,0.0,0.0,0.9390000000000001,0.008999999999999952,0.011333333333333334,0.002666666666666667,0.013333333333333334,0.006000000000000001,0.012333333333333333,0.001666666666666667,0.024,0.002
stress_scan,user_num,10,Lyapunov-Greedy,2,10,1.0,1.0,1.0,1.0,500,0.7,1.0,0.0,0.0,0.0,0.0,0.0,0.0,0.0,519.7784729733332,0.14948294222222103,0.0,0.0,0.0,0.0,0.0,0.0,0.0,0.0,0.4049999999999991,0.0,0.0002699999999999994,0.0,0.0,0.0,0.0,0.0,0.0,0.0,1.0,0.0,0.0,0.0,0.0,0.0,0.0,0.0,0.0,0.0
stress_scan,user_num,10,Non-MEC,2,10,1.0,1.0,1.0,1.0,500,0.7,1.0,0.0,0.0,0.0,0.0,0.0,0.0,0.0,519.7784729733332,0.14948294222222103,0.0,0.0,0.0,0.0,0.0,0.0,0.0,0.0,0.4049999999999991,0.0,0.0002699999999999994,0.0,0.0,0.0,0.0,0.0,0.0,0.0,1.0,0.0,0.0,0.0,0.0,0.0,0.0,0.0,0.0,0.0
stress_scan,user_num,10,Stand-alone MEC,2,10,1.0,1.0,1.0,1.0,500,0.7,0.5,0.0,0.0,0.0,0.0,0.0,0.0,0.0,500.0,0.0,0.0,0.0,0.0,0.0,0.0,0.0,1.0,0.0,23241387.283667155,1244.0253500360996,15494.258189111439,0.8293502333572178,0.0,0.0,0.0,0.0,0.0,0.0,0.0,0.0,0.0,0.0,0.0,0.0,0.5,0.0,0.5,0.0
stress_scan,user_num,10,Random,2,10,1.0,1.0,1.0,1.0,500,0.7,0.7506666666666666,0.0019999999999999463,0.0,0.0,0.0,0.0,0.0,0.0,1005.6882512355553,42.630317073333515,0.0,0.0,0.0,0.0,0.0,0.0,0.499,0.005000000000000032,9651203.412969293,228119.943745967,6434.135608646196,152.0799624973115,0.12533333333333335,0.003333333333333341,0.11866666666666667,0.004666666666666666,0.12966666666666665,0.008999999999999994,0.12733333333333333,0.0026666666666666713,0.11366666666666667,0.010333333333333333,0.13233333333333333,0.004333333333333328,0.12066666666666667,0.003333333333333334,0.13233333333333333,0.013000000000000005
stress_scan,user_num,15,Full,2,15,1.0,1.0,1.0,1.0,500,0.7,0.9546666666666666,0.008444444444444421,0.0,0.0,0.0,0.0,0.0,0.0,503.6837556488889,1.351809477037051,0.0,0.0,0.0,0.0,0.0,0.0,0.05688888888888888,0.009333333333333308,1724275.7134052375,201361.69488250592,766.3447615134389,89.4940866144471,0.0,0.0,0.0,0.0,0.0,0.0,0.9431111111111111,0.009333333333333305,0.01111111111111111,0.002666666666666667,0.013999999999999999,0.003333333333333333,0.009333333333333334,0.0017777777777777779,0.022444444444444444,0.0015555555555555566
stress_scan,user_num,15,IQL,2,15,1.0,1.0,1.0,1.0,500,0.7,0.9560000000000001,0.005777777777777882,0.0,0.0,0.0,0.0,0.0,0.0,504.2109056237037,2.162697733333289,0.0,0.0,0.0,0.0,0.0,0.0,0.055777777777777766,0.007777777777777765,983086.7387505451,320339.39567180193,436.9274394446867,142.37306474302306,0.0,0.0,0.0,0.0,0.0,0.0,0.9442222222222222,0.007777777777777772,0.01,0.0011111111111111113,0.013111111111111112,0.002,0.009333333333333332,0.002222222222222222,0.02333333333333333,0.0024444444444444453
stress_scan,user_num,15,No-EVT,2,15,1.0,1.0,1.0,1.0,500,0.7,0.9546666666666666,0.008444444444444421,0.0,0.0,0.0,0.0,0.0,0.0,503.6837556488889,1.351809477037051,0.0,0.0,0.0,0.0,0.0,0.0,0.05688888888888888,0.009333333333333308,1724275.7134052375,201361.69488250592,766.3447615134389,89.4940866144471,0.0,0.0,0.0,0.0,0.0,0.0,0.9431111111111111,0.009333333333333305,0.01111111111111111,0.002666666666666667,0.013999999999999999,0.003333333333333333,0.009333333333333334,0.0017777777777777779,0.022444444444444444,0.0015555555555555566
stress_scan,user_num,15,Lyapunov-Greedy,2,15,1.0,1.0,1.0,1.0,500,0.7,1.0,0.0,0.0,0.0,0.0,0.0,0.0,0.0,519.7203872948147,0.3848936651851318,0.0,0.0,0.0,0.0,0.0,0.0,0.0,0.0,0.6074999999999998,0.0,0.0002699999999999999,0.0,0.0,0.0,0.0,0.0,0.0,0.0,1.0,0.0,0.0,0.0,0.0,0.0,0.0,0.0,0.0,0.0
stress_scan,user_num,15,Non-MEC,2,15,1.0,1.0,1.0,1.0,500,0.7,1.0,0.0,0.0,0.0,0.0,0.0,0.0,0.0,519.7203872948147,0.3848936651851318,0.0,0.0,0.0,0.0,0.0,0.0,0.0,0.0,0.6074999999999998,0.0,0.0002699999999999999,0.0,0.0,0.0,0.0,0.0,0.0,0.0,1.0,0.0,0.0,0.0,0.0,0.0,0.0,0.0,0.0,0.0
stress_scan,user_num,15,Stand-alone MEC,2,15,1.0,1.0,1.0,1.0,500,0.7,0.5,0.0,0.0,0.0,0.0,0.0,0.0,0.0,500.0,0.0,0.0,0.0,0.0,0.0,0.0,0.0,1.0,0.0,11309599.739863146,14224.00059776567,5026.488773272509,6.321778043451559,0.0,0.0,0.0,0.0,0.0,0.0,0.0,0.0,0.0,0.0,0.0,0.0,0.5,0.0,0.5,0.0
stress_scan,user_num,15,Random,2,15,1.0,1.0,1.0,1.0,500,0.7,0.7306666666666667,0.001777777777777767,0.0,0.0,0.0,0.0,0.0,0.0,953.5503017237037,9.581410805185328,0.0,0.0,0.0,0.0,0.0,0.0,0.5097777777777777,0.0044444444444444176,6552415.523622379,161742.90259078378,2912.1846771655014,71.88573448479292,0.12288888888888888,0.005111111111111115,0.11666666666666667,0.0020000000000000018,0.122,0.001555555555555553,0.12866666666666665,0.00022222222222222088,0.122,0.0011111111111111113,0.13266666666666665,0.002888888888888899,0.13155555555555554,0.0057777777777777845,0.12355555555555556,0.003111111111111113
stress_scan,user_num,20,Full,2,20,1.0,1.0,1.0,1.0,500,0.7,0.958,0.0016666666666666496,0.0,0.0,0.0,0.0,0.0,0.0,504.63903323555553,4.049055844444553,0.0,0.0,0.0,0.0,0.0,0.0,0.05233333333333327,0.00166666666666666,797210.0398874764,347160.79822011886,265.73667996249213,115.72026607337297,0.0,0.0,0.0,0.0,0.0,0.0,0.9476666666666667,0.0016666666666667052,0.010833333333333334,0.0021666666666666666,0.010166666666666668,0.0004999999999999996,0.009166666666666667,0.0005000000000000004,0.022166666666666668,0.0005000000000000004
stress_scan,user_num,20,IQL,2,20,1.0,1.0,1.0,1.0,500,0.7,0.9586666666666668,0.0003333333333331856,0.0,0.0,0.0,0.0,0.0,0.0,501.6504112866666,0.015106446666777629,0.0,0.0,0.0,0.0,0.0,0.0,0.05216666666666661,0.0008333333333333352,1378332.5337021002,642418.4378982228,459.4441779007,214.13947929940758,0.0,0.0,0.0,0.0,0.0,0.0,0.9478333333333333,0.0008333333333333526,0.010166666666666668,0.0004999999999999996,0.011,0.000666666666666667,0.009833333333333333,0.002166666666666667,0.021166666666666667,0.0011666666666666665
stress_scan,user_num,20,No-EVT,2,20,1.0,1.0,1.0,1.0,500,0.7,0.958,0.0016666666666666496,0.0,0.0,0.0,0.0,0.0,0.0,504.63903323555553,4.049055844444553,0.0,0.0,0.0,0.0,0.0,0.0,0.05233333333333327,0.00166666666666666,797210.0398874764,347160.79822011886,265.73667996249213,115.72026607337297,0.0,0.0,0.0,0.0,0.0,0.0,0.9476666666666667,0.0016666666666667052,0.010833333333333334,0.0021666666666666666,0.010166666666666668,0.0004999999999999996,0.009166666666666667,0.0005000000000000004,0.022166666666666668,0.0005000000000000004
stress_scan,user_num,20,Lyapunov-Greedy,2,20,1.0,1.0,1.0,1.0,500,0.7,1.0,0.0,0.0,0.0,0.0,0.0,0.0,0.0,519.229225538889,0.4877579055555543,0.0,0.0,0.0,0.0,0.0,0.0,0.0,0.0,0.8099999999999982,0.0,0.0002699999999999994,0.0,0.0,0.0,0.0,0.0,0.0,0.0,1.0,0.0,0.0,0.0,0.0,0.0,0.0,0.0,0.0,0.0
stress_scan,user_num,20,Non-MEC,2,20,1.0,1.0,1.0,1.0,500,0.7,1.0,0.0,0.0,0.0,0.0,0.0,0.0,0.0,519.229225538889,0.4877579055555543,0.0,0.0,0.0,0.0,0.0,0.0,0.0,0.0,0.8099999999999982,0.0,0.0002699999999999994,0.0,0.0,0.0,0.0,0.0,0.0,0.0,1.0,0.0,0.0,0.0,0.0,0.0,0.0,0.0,0.0,0.0
stress_scan,user_num,20,Stand-alone MEC,2,20,1.0,1.0,1.0,1.0,500,0.7,0.39999999999999997,0.0,0.0,0.0,0.0,0.0,0.0,0.0,399.99999999999994,0.0,0.0,0.0,0.0,0.0,0.0,0.0,1.0,0.0,8077780.280372372,98924.20358858537,2692.5934267907905,32.974734529528405,0.0,0.0,0.0,0.0,0.0,0.0,0.0,0.0,0.0,0.0,0.0,0.0,0.6,0.0,0.4,0.0
stress_scan,user_num,20,Random,2,20,1.0,1.0,1.0,1.0,500,0.7,0.6328333333333334,0.0015000000000000568,0.0,0.0,0.0,0.0,0.0,0.0,906.2501136161109,19.677998157222305,0.0,0.0,0.0,0.0,0.0,0.0,0.5049999999999998,0.011999999999999789,3431720.01037771,307204.66527109826,1143.9066701259035,102.40155509036606,0.12033333333333333,0.0040000000000000036,0.122,0.0003333333333333313,0.1235,0.0075,0.12916666666666665,0.0001666666666666622,0.12733333333333333,0.007333333333333331,0.12983333333333336,0.002166666666666664,0.125,0.003333333333333327,0.12283333333333332,0.003499999999999996
stress_scan,user_num,25,Full,2,25,1.0,1.0,1.0,1.0,500,0.7,0.9590666666666666,0.00040000000000006697,0.0,0.0,0.0,0.0,0.0,0.0,500.8587012728889,0.7800555608888544,0.0,0.0,0.0,0.0,0.0,0.0,0.05040000000000004,0.0005333333333333336,985003.0119221563,26872.271866698284,262.66746984590833,7.165939164452865,0.0,0.0,0.0,0.0,0.0,0.0,0.9496,0.0005333333333333856,0.0112,0.0008000000000000004,0.010533333333333334,0.0014666666666666665,0.0092,0.0009333333333333329,0.019466666666666667,0.0007999999999999986
stress_scan,user_num,25,IQL,2,25,1.0,1.0,1.0,1.0,500,0.7,0.9596,0.0009333333333332305,0.0,0.0,0.0,0.0,0.0,0.0,501.7327817573333,1.6876039404444612,0.0,0.0,0.0,0.0,0.0,0.0,0.0494666666666667,0.000133333333333336,544988.3545978591,55300.59368489025,145.33022789276242,14.746824982637392,0.0,0.0,0.0,0.0,0.0,0.0,0.9505333333333333,0.00013333333333331865,0.010666666666666666,0.0002666666666666668,0.009733333333333333,0.0001333333333333334,0.009333333333333332,0.0002666666666666659,0.019733333333333332,0.0005333333333333336
stress_scan,user_num,25,No-EVT,2,25,1.0,1.0,1.0,1.0,500,0.7,0.9590666666666666,0.00040000000000006697,0.0,0.0,0.0,0.0,0.0,0.0,500.8587012728889,0.7800555608888544,0.0,0.0,0.0,0.0,0.0,0.0,0.05040000000000004,0.0005333333333333336,985003.0119221563,26872.271866698284,262.66746984590833,7.165939164452865,0.0,0.0,0.0,0.0,0.0,0.0,0.9496,0.0005333333333333856,0.0112,0.0008000000000000004,0.010533333333333334,0.0014666666666666665,0.0092,0.0009333333333333329,0.019466666666666667,0.0007999999999999986
stress_scan,user_num,25,Lyapunov-Greedy,2,25,1.0,1.0,1.0,1.0,500,0.7,1.0,0.0,0.0,0.0,0.0,0.0,0.0,0.0,519.274025184,0.12230148977772615,0.0,0.0,0.0,0.0,0.0,0.0,0.0,0.0,1.012500000000002,0.0,0.00027000000000000055,0.0,0.0,0.0,0.0,0.0,0.0,0.0,1.0,0.0,0.0,0.0,0.0,0.0,0.0,0.0,0.0,0.0
stress_scan,user_num,25,Non-MEC,2,25,1.0,1.0,1.0,1.0,500,0.7,1.0,0.0,0.0,0.0,0.0,0.0,0.0,0.0,519.274025184,0.12230148977772615,0.0,0.0,0.0,0.0,0.0,0.0,0.0,0.0,1.012500000000002,0.0,0.00027000000000000055,0.0,0.0,0.0,0.0,0.0,0.0,0.0,1.0,0.0,0.0,0.0,0.0,0.0,0.0,0.0,0.0,0.0
stress_scan,user_num,25,Stand-alone MEC,2,25,1.0,1.0,1.0,1.0,500,0.7,0.26480000000000004,0.0007999999999999952,0.2,0.0,0.2,0.0,0.0,0.0,64.93543367431332,0.7995422110109018,0.2,0.0,1691272.068105735,1677.7676776731387,18980357048045.184,8984311148.035156,1.0,0.0,4050323.8512978535,4989.538315954618,1080.0863603460944,1.3305435509212202,0.0,0.0,0.0,0.0,0.0,0.0,0.0,0.0,0.0,0.0,0.0,0.0,0.7352000000000001,0.0007999999999999674,0.26480000000000004,0.0007999999999999952
stress_scan,user_num,25,Random,2,25,1.0,1.0,1.0,1.0,500,0.7,0.5450666666666667,0.0029333333333333433,0.0,0.0,0.0,0.0,0.0,0.0,785.282802383151,23.3253312250327,0.0,0.0,0.0,0.0,0.0,0.0,0.4986666666666668,0.0005333333333331913,2016731.8308330844,25106.35313589836,537.7951548888225,6.695027502906214,0.122,0.0017333333333333367,0.128,0.004799999999999999,0.12373333333333333,0.0007999999999999952,0.1276,0.002799999999999997,0.12573333333333334,0.009466666666666658,0.12893333333333334,0.00013333333333333253,0.1164,0.004133333333333336,0.1276,0.005733333333333333
stress_scan,user_num,30,Full,2,30,1.0,1.0,1.0,1.0,500,0.7,0.9585555555555554,0.00011111111111111738,0.0,0.0,0.0,0.0,0.0,0.0,499.9989677737681,1.9179439491949495,0.0,0.0,0.0,0.0,0.0,0.0,0.05188888888888883,0.0005555555555555557,639753.6769047066,6528.257187632495,142.16748375660148,1.450723819473879,0.0,0.0,0.0,0.0,0.0,0.0,0.9481111111111111,0.0005555555555555314,0.010666666666666668,0.00044444444444444436,0.010666666666666668,0.00044444444444444436,0.010333333333333333,0.002333333333333333,0.02022222222222222,0.0017777777777777774
stress_scan,user_num,30,IQL,2,30,1.0,1.0,1.0,1.0,500,0.7,0.9588888888888889,0.0017777777777777115,0.0,0.0,0.0,0.0,0.0,0.0,505.218287557037,0.9210909392593578,0.0,0.0,0.0,0.0,0.0,0.0,0.0494444444444444,0.0021111111111111053,408627.2281461488,33559.853833182424,90.80605069914418,7.457745296262765,0.0,0.0,0.0,0.0,0.0,0.0,0.9505555555555556,0.002111111111111119,0.011444444444444445,0.0007777777777777783,0.010222222222222223,0.000666666666666667,0.009666666666666667,0.001,0.018111111111111113,0.00033333333333333305
stress_scan,user_num,30,No-EVT,2,30,1.0,1.0,1.0,1.0,500,0.7,0.9585555555555554,0.00011111111111111738,0.0,0.0,0.0,0.0,0.0,0.0,499.9989677737681,1.9179439491949495,0.0,0.0,0.0,0.0,0.0,0.0,0.05188888888888883,0.0005555555555555557,639753.6769047066,6528.257187632495,142.16748375660148,1.450723819473879,0.0,0.0,0.0,0.0,0.0,0.0,0.9481111111111111,0.0005555555555555314,0.010666666666666668,0.00044444444444444436,0.010666666666666668,0.00044444444444444436,0.010333333333333333,0.002333333333333333,0.02022222222222222,0.0017777777777777774
stress_scan,user_num,30,Lyapunov-Greedy,2,30,1.0,1.0,1.0,1.0,500,0.7,1.0,0.0,0.0,0.0,0.0,0.0,0.0,0.0,519.4697083007408,0.1564110829630181,0.0,0.0,0.0,0.0,0.0,0.0,0.0,0.0,1.2149999999999996,0.0,0.0002699999999999999,0.0,0.0,0.0,0.0,0.0,0.0,0.0,1.0,0.0,0.0,0.0,0.0,0.0,0.0,0.0,0.0,0.0
stress_scan,user_num,30,Non-MEC,2,30,1.0,1.0,1.0,1.0,500,0.7,1.0,0.0,0.0,0.0,0.0,0.0,0.0,0.0,519.4697083007408,0.1564110829630181,0.0,0.0,0.0,0.0,0.0,0.0,0.0,0.0,1.2149999999999996,0.0,0.0002699999999999999,0.0,0.0,0.0,0.0,0.0,0.0,0.0,1.0,0.0,0.0,0.0,0.0,0.0,0.0,0.0,0.0,0.0
stress_scan,user_num,30,Stand-alone MEC,2,30,1.0,1.0,1.0,1.0,500,0.7,0.2,0.0,0.6,0.0,0.6,0.0,0.6,0.0,0.7105773686641716,2.5199560514110875e-05,0.6,0.0,18116854.004142947,924.5111111123115,645445310220744.1,150415729169.5,1.0,0.0,3002253.030977967,886.0903706045356,667.167340217326,0.19690897124542062,0.0,0.0,0.0,0.0,0.0,0.0,0.0,0.0,0.0,0.0,0.0,0.0,0.8,0.0,0.2,0.0
stress_scan,user_num,30,Random,2,30,1.0,1.0,1.0,1.0,500,0.7,0.5976666666666668,0.0009999999999999454,0.31666666666666665,0.016666666666666663,0.08333333333333334,0.01666666666666667,0.0,0.0,750.1573747157147,10.722885336254365,0.151,0.0050000000000000044,1126845.6282151174,30740.300887408666,8145334529491.348,424489439427.3594,0.5013333333333333,0.0015555555555556155,1502620.8806948913,3715.508656912367,333.9157512655314,0.8256685904249537,0.128,0.0057777777777777775,0.11933333333333335,0.0011111111111111113,0.12755555555555556,0.0020000000000000018,0.12377777777777776,0.0011111111111111113,0.12711111111111112,0.0028888888888888922,0.126,0.0022222222222222157,0.12277777777777778,0.0016666666666666635,0.12544444444444444,0.0018888888888888844
stress_scan,user_num,35,Full,2,35,1.0,1.0,1.0,1.0,500,0.7,0.96,0.004571428571428504,0.05714285714285714,0.05714285714285714,0.0,0.0,0.0,0.0,504.1637695723308,3.2050816126823634,0.03019047619047619,0.03019047619047619,53298.02588769655,53298.02588769655,116916434025.70895,116916434025.70895,0.04942857142857135,0.006571428571428572,446718.02838682494,102414.17387036775,85.08914826415713,19.507461689593853,0.0,0.0,0.0,0.0,0.0,0.0,0.9505714285714286,0.006571428571428617,0.010666666666666666,0.0005714285714285717,0.010095238095238095,0.0019047619047619048,0.011238095238095238,0.0017142857142857142,0.01742857142857143,0.0023809523809523803
stress_scan,user_num,35,IQL,2,35,1.0,1.0,1.0,1.0,500,0.7,0.9601904761904763,0.0024761904761904097,0.0,0.0,0.0,0.0,0.0,0.0,503.258561984127,0.3626014304761611,0.0,0.0,0.0,0.0,0.0,0.0,0.0481904761904761,0.00399999999999999,499568.39341326186,34238.96560003015,95.15588445966893,6.5217077333390705,0.0,0.0,0.0,0.0,0.0,0.0,0.9518095238095238,0.0040000000000000036,0.011047619047619047,0.0009523809523809528,0.009714285714285713,0.0011428571428571425,0.010285714285714287,0.0007619047619047614,0.017142857142857144,0.0011428571428571434
stress_scan,user_num,35,No-EVT,2,35,1.0,1.0,1.0,1.0,500,0.7,0.9604761904761905,0.004095238095238041,0.05714285714285714,0.05714285714285714,0.0,0.0,0.0,0.0,504.16714243370427,3.2017087513088995,0.03019047619047619,0.03019047619047619,39695.01002679225,39695.01002679225,44037667525.09711,44037667525.09711,0.04866666666666659,0.005809523809523813,446716.33340858016,102412.47889212298,85.08882541115813,19.507138836594848,0.0,0.0,0.0,0.0,0.0,0.0,0.9513333333333334,0.00580952380952382,0.010857142857142857,0.0007619047619047623,0.009428571428571429,0.0012380952380952378,0.011238095238095238,0.0017142857142857142,0.017142857142857144,0.0020952380952380953
stress_scan,user_num,35,Lyapunov-Greedy,2,35,1.0,1.0,1.0,1.0,500,0.7,1.0,0.0,0.0,0.0,0.0,0.0,0.0,0.0,519.376332207619,0.06837566031748565,0.0,0.0,0.0,0.0,0.0,0.0,0.0,0.0,1.4174999999999962,0.0,0.0002699999999999993,0.0,0.0,0.0,0.0,0.0,0.0,0.0,1.0,0.0,0.0,0.0,0.0,0.0,0.0,0.0,0.0,0.0
stress_scan,user_num,35,Non-MEC,2,35,1.0,1.0,1.0,1.0,500,0.7,1.0,0.0,0.0,0.0,0.0,0.0,0.0,0.0,519.376332207619,0.06837566031748565,0.0,0.0,0.0,0.0,0.0,0.0,0.0,0.0,1.4174999999999962,0.0,0.0002699999999999993,0.0,0.0,0.0,0.0,0.0,0.0,0.0,1.0,0.0,0.0,0.0,0.0,0.0,0.0,0.0,0.0,0.0
stress_scan,user_num,35,Stand-alone MEC,2,35,1.0,1.0,1.0,1.0,500,0.7,0.4,0.0,0.6,0.0,0.6,0.0,0.6,0.0,1.2833975842905232,0.000411425979189195,0.6,0.0,28975032.984503273,217.3238095268607,1515338536171080.5,81444215877.125,1.0,0.0,2571886.164452768,362.46402371139266,489.8830789433843,0.06904076642121026,0.0,0.0,0.0,0.0,0.0,0.0,0.0,0.0,0.0,0.0,0.0,0.0,0.6,0.0,0.4,0.0
stress_scan,user_num,35,Random,2,35,1.0,1.0,1.0,1.0,500,0.7,0.6054285714285714,0.00028571428571427804,0.6,0.0,0.2857142857142857,0.02857142857142858,0.2,0.0,764.7811442254315,11.210333684145382,0.4260952380952381,0.00114285714285714,4151876.848832878,374.6837839782238,47331608027692.72,486098298572.0,0.499333333333333,0.0025714285714286134,1284012.7871251907,2796.076083892025,244.57386421432204,0.5325859207413259,0.1299047619047619,0.0013333333333333391,0.12066666666666667,0.004857142857142865,0.1239047619047619,0.003333333333333334,0.1261904761904762,0.0023809523809523725,0.12314285714285714,0.003904761904761904,0.12361904761904763,0.002476190476190472,0.12695238095238096,0.0037142857142857047,0.12561904761904763,0.0025714285714285717
stress_scan,user_num,40,Full,2,40,1.0,1.0,1.0,1.0,500,0.7,0.9590000000000001,0.006833333333333247,0.15,0.024999999999999994,0.05,0.0,0.025,0.0,501.7909394035961,2.9140944777170716,0.11858333333333335,0.0017499999999999946,841074.663932238,64598.030224673275,9085824563592.934,78000614963.46191,0.06766666666666671,0.00133333333333336,443203.7374080224,68665.19473155108,73.86728956800373,11.44419912192518,0.0,0.0,0.0,0.0,0.0,0.0,0.9323333333333333,0.0013333333333332975,0.013333333333333332,0.0031666666666666675,0.008083333333333333,0.0004166666666666672,0.009833333333333333,0.0015000000000000005,0.03641666666666667,0.006416666666666668
stress_scan,user_num,40,IQL,2,40,1.0,1.0,1.0,1.0,500,0.7,0.9544999999999999,0.00016666666666670382,0.025,0.025,0.025,0.025,0.025,0.025,504.5959460539163,2.130629712640257,0.024833333333333336,0.024833333333333336,268132.21130595764,268132.21130595764,3442390007124.0815,3442390007124.0815,0.06025000000000003,0.006916666666666675,338087.82390689,50155.31471285346,56.34797065114833,8.359219118808909,0.0,0.0,0.0,0.0,0.0,0.0,0.93975,0.006916666666666682,0.01175,0.0014166666666666668,0.010499999999999999,0.0018333333333333335,0.013,0.0008333333333333335,0.025,0.005666666666666665
stress_scan,user_num,40,No-EVT,2,40,1.0,1.0,1.0,1.0,500,0.7,0.9593333333333334,0.007000000000000006,0.15,0.024999999999999994,0.05,0.0,0.0125,0.0125,501.81030879133925,2.900001146554672,0.11975,0.0005833333333333315,725291.5097614178,22406.186750238587,6319620792868.039,1465877178874.9219,0.06325000000000004,0.0019166666666666603,443196.0852888804,68668.76203624724,73.8660142148134,11.444793672707878,0.0,0.0,0.0,0.0,0.0,0.0,0.93675,0.0019166666666666776,0.01325,0.0035833333333333325,0.008083333333333333,0.0004166666666666672,0.009916666666666667,0.0014166666666666668,0.032,0.003499999999999998
stress_scan,user_num,40,Lyapunov-Greedy,2,40,1.0,1.0,1.0,1.0,500,0.7,1.0,0.0,0.0,0.0,0.0,0.0,0.0,0.0,519.4278599944446,0.034648188888866116,0.0,0.0,0.0,0.0,0.0,0.0,0.0,0.0,1.6199999999999963,0.0,0.0002699999999999994,0.0,0.0,0.0,0.0,0.0,0.0,0.0,1.0,0.0,0.0,0.0,0.0,0.0,0.0,0.0,0.0,0.0
stress_scan,user_num,40,Non-MEC,2,40,1.0,1.0,1.0,1.0,500,0.7,1.0,0.0,0.0,0.0,0.0,0.0,0.0,0.0,519.4278599944446,0.034648188888866116,0.0,0.0,0.0,0.0,0.0,0.0,0.0,0.0,1.6199999999999963,0.0,0.0002699999999999994,0.0,0.0,0.0,0.0,0.0,0.0,0.0,1.0,0.0,0.0,0.0,0.0,0.0,0.0,0.0,0.0,0.0
stress_scan,user_num,40,Stand-alone MEC,2,40,1.0,1.0,1.0,1.0,500,0.7,0.5226666666666666,0.0,1.0,0.0,0.6,0.0,0.6,0.0,2.0223562001048347,0.00027053052161774005,0.7705833333333333,0.0004166666666666208,38376025.630022265,4798.163948811591,2436157384576134.5,1349337910859.5,1.0,0.0,2250633.4478110205,414.49768815538846,375.1055746351701,0.06908294802590831,0.0,0.0,0.0,0.0,0.0,0.0,0.0,0.0,0.0,0.0,0.0,0.0,0.47733333333333333,0.0,0.5226666666666666,0.0
stress_scan,user_num,40,Random,2,40,1.0,1.0,1.0,1.0,500,0.7,0.7005833333333333,0.0005833333333333801,0.6,0.0,0.575,0.024999999999999967,0.35,0.024999999999999994,772.2893655679492,1.1835902569976042,0.5698333333333334,0.004500000000000004,7262934.089061949,28523.944303357974,120021013139410.28,981308062315.4453,0.49983333333333324,0.0016666666666664554,1122933.5787678994,8152.556782000349,187.15559646131658,1.3587594636667149,0.12933333333333333,0.0013333333333333253,0.12558333333333332,0.0019166666666666707,0.12125,0.005249999999999998,0.124,0.0030000000000000027,0.12325,0.0025833333333333264,0.12366666666666667,0.004333333333333335,0.12666666666666668,0.0020000000000000087,0.12625,0.0019166666666666707
